dur,proto,service,state,spkts,dpkts,sbytes,dbytes,rate,sttl,dttl,sload,dload,sloss,dloss,sinpkt,dinpkt,sjit,djit,swin,stcpb,dtcpb,dwin,tcprtt,synack,ackdat,smean,dmean,ct_srv_src,ct_state_ttl,ct_src_dport_ltm,ct_dst_sport_ltm,ct_dst_src_ltm,is_ftp_login,ct_ftp_cmd,ct_srv_dst,Decision
0.000011,udp,-,INT,2,0,496,0,90909.0902,254,0,180363632,0,0,0,0.011,0,0,0,0,0,0,0,0,0,0,248,0,2,2,1,1,2,0,0,2,No
0.000008,udp,-,INT,2,0,1762,0,125000.0003,254,0,881000000,0,0,0,0.008,0,0,0,0,0,0,0,0,0,0,881,0,2,2,1,1,2,0,0,2,No
0.000005,udp,-,INT,2,0,1068,0,200000.0051,254,0,854400000,0,0,0,0.005,0,0,0,0,0,0,0,0,0,0,534,0,3,2,1,1,3,0,0,3,No
0.000006,udp,-,INT,2,0,900,0,166666.6608,254,0,600000000,0,0,0,0.006,0,0,0,0,0,0,0,0,0,0,450,0,3,2,2,1,3,0,0,3,No
0.00001,udp,-,INT,2,0,2126,0,100000.0025,254,0,850400000,0,0,0,0.01,0,0,0,0,0,0,0,0,0,0,1063,0,3,2,2,1,3,0,0,3,No
0.000003,udp,-,INT,2,0,784,0,333333.3215,254,0,1045333312,0,0,0,0.003,0,0,0,0,0,0,0,0,0,0,392,0,2,2,2,1,2,0,0,2,No
0.000006,udp,-,INT,2,0,1960,0,166666.6608,254,0,1306666624,0,0,0,0.006,0,0,0,0,0,0,0,0,0,0,980,0,2,2,2,1,2,0,0,2,No
0.000028,udp,-,INT,2,0,1384,0,35714.28522,254,0,197714288,0,0,0,0.028,0,0,0,0,0,0,0,0,0,0,692,0,3,2,1,1,3,0,0,3,No
0,arp,-,INT,1,0,46,0,0,0,0,0,0,0,0,60000.688,0,0,0,0,0,0,0,0,0,0,46,0,2,2,2,2,2,0,0,2,No
0,arp,-,INT,1,0,46,0,0,0,0,0,0,0,0,60000.712,0,0,0,0,0,0,0,0,0,0,46,0,2,2,2,2,2,0,0,2,No
0,arp,-,INT,1,0,46,0,0,0,0,0,0,0,0,60000.688,0,0,0,0,0,0,0,0,0,0,46,0,2,2,2,2,2,0,0,2,No
0,arp,-,INT,1,0,46,0,0,0,0,0,0,0,0,60000.712,0,0,0,0,0,0,0,0,0,0,46,0,2,2,2,2,2,0,0,2,No
0.000004,udp,-,INT,2,0,1454,0,250000.0006,254,0,1454000000,0,0,0,0.004,0,0,0,0,0,0,0,0,0,0,727,0,3,2,1,1,3,0,0,3,No
0.000007,udp,-,INT,2,0,2062,0,142857.1409,254,0,1178285696,0,0,0,0.007,0,0,0,0,0,0,0,0,0,0,1031,0,3,2,1,1,3,0,0,3,No
0.000011,udp,-,INT,2,0,2040,0,90909.0902,254,0,741818176,0,0,0,0.011,0,0,0,0,0,0,0,0,0,0,1020,0,1,2,1,1,1,0,0,1,No
0.000004,udp,-,INT,2,0,1052,0,250000.0006,254,0,1052000000,0,0,0,0.004,0,0,0,0,0,0,0,0,0,0,526,0,3,2,1,1,3,0,0,3,No
0.000003,udp,-,INT,2,0,314,0,333333.3215,254,0,418666656,0,0,0,0.003,0,0,0,0,0,0,0,0,0,0,157,0,2,2,1,1,2,0,0,2,No
0.00001,udp,-,INT,2,0,1774,0,100000.0025,254,0,709600000,0,0,0,0.01,0,0,0,0,0,0,0,0,0,0,887,0,2,2,1,1,2,0,0,2,No
0.000002,udp,-,INT,2,0,1568,0,500000.0013,254,0,3136000000,0,0,0,0.002,0,0,0,0,0,0,0,0,0,0,784,0,3,2,1,1,2,0,0,2,No
0.000004,udp,-,INT,2,0,2054,0,250000.0006,254,0,2054000000,0,0,0,0.004,0,0,0,0,0,0,0,0,0,0,1027,0,3,2,1,1,2,0,0,2,No
0.00001,udp,-,INT,2,0,2170,0,100000.0025,254,0,868000000,0,0,0,0.01,0,0,0,0,0,0,0,0,0,0,1085,0,2,2,1,1,2,0,0,2,No
0.000009,udp,-,INT,2,0,202,0,111111.1072,254,0,89777776,0,0,0,0.009,0,0,0,0,0,0,0,0,0,0,101,0,2,2,1,1,2,0,0,2,No
0.00001,udp,-,INT,2,0,1334,0,100000.0025,254,0,533600000,0,0,0,0.01,0,0,0,0,0,0,0,0,0,0,667,0,3,2,1,1,3,0,0,3,No
0.000005,udp,-,INT,2,0,2058,0,200000.0051,254,0,1646400000,0,0,0,0.005,0,0,0,0,0,0,0,0,0,0,1029,0,3,2,2,1,3,0,0,3,No
0.000003,udp,-,INT,2,0,286,0,333333.3215,254,0,381333312,0,0,0,0.003,0,0,0,0,0,0,0,0,0,0,143,0,3,2,2,1,3,0,0,3,No
0.000007,udp,-,INT,2,0,1500,0,142857.1409,254,0,857142848,0,0,0,0.007,0,0,0,0,0,0,0,0,0,0,750,0,2,2,2,1,2,0,0,2,No
0.000006,udp,-,INT,2,0,902,0,166666.6608,254,0,601333312,0,0,0,0.006,0,0,0,0,0,0,0,0,0,0,451,0,2,2,2,1,2,0,0,2,No
0.000002,udp,-,INT,2,0,1626,0,500000.0013,254,0,3252000000,0,0,0,0.002,0,0,0,0,0,0,0,0,0,0,813,0,2,2,1,1,1,0,0,1,No
0.000007,udp,-,INT,2,0,364,0,142857.1409,254,0,208000000,0,0,0,0.007,0,0,0,0,0,0,0,0,0,0,182,0,3,2,1,1,1,0,0,2,No
1.434166,tcp,-,FIN,10,6,530,268,10.459041,254,252,2660.780029,1249.506714,2,1,151.243111,270.886813,10042.8699,468.508156,255,1640845588,177111456,255,0.148966,0.079731,0.069235,53,45,2,1,1,1,1,0,0,1,No
0.000007,udp,-,INT,2,0,730,0,142857.1409,254,0,417142848,0,0,0,0.007,0,0,0,0,0,0,0,0,0,0,365,0,2,2,1,1,2,0,0,2,No
1.924287,tcp,-,FIN,10,8,530,354,8.834441,254,252,1983.072266,1288.789062,2,1,213.738778,261.252,13125.11139,399.405156,255,2214319888,3374287000,255,0.185096,0.095516,0.08958,53,44,2,1,1,1,1,0,0,1,No
2.773779,tcp,-,FIN,14,8,7954,354,7.570899,254,252,21302.3457,894.087097,4,1,213.367611,381.293437,18158.22943,788.701375,255,3374744735,1063429159,255,0.144772,0.077744,0.067028,568,44,1,1,1,1,1,0,0,1,No
0.00001,udp,-,INT,2,0,794,0,100000.0025,254,0,317600000,0,0,0,0.01,0,0,0,0,0,0,0,0,0,0,397,0,2,2,1,1,2,0,0,2,No
1.465041,tcp,-,FIN,10,8,2516,354,11.60377,254,252,12368.25391,1692.7854,2,1,157.703444,195.494719,8764.724091,346.639313,255,783227300,772078300,255,0.221146,0.09657,0.124576,252,44,4,1,1,1,3,0,0,2,No
0.983874,tcp,http,FIN,10,8,816,1172,17.278635,62,252,5976.375,8342.53125,2,2,109.319333,124.932859,5929.211713,192.590406,255,794167371,1624757001,255,0.206572,0.108393,0.098179,82,147,2,1,1,1,2,0,0,3,No
0.714182,tcp,-,FIN,10,6,534,268,21.003049,254,252,5387.982422,2509.164307,2,1,79.353556,120.191398,4013.392196,218.658469,255,3802396535,2514907206,255,0.162097,0.079909,0.082188,53,45,3,1,1,1,2,0,0,2,No
59.995674,arp,-,INT,2,0,92,0,0.016668,0,0,6.133776,0,0,0,59998.196,0,13.651471,0,0,0,0,0,0,0,0,46,0,2,2,2,2,2,0,0,2,No
59.995678,arp,-,INT,2,0,92,0,0.016668,0,0,6.133775,0,0,0,59998.2,0,0,0,0,0,0,0,0,0,0,46,0,2,2,2,2,2,0,0,2,No
59.995674,arp,-,INT,2,0,92,0,0.016668,0,0,6.133776,0,0,0,59998.196,0,13.651471,0,0,0,0,0,0,0,0,46,0,2,2,2,2,2,0,0,2,No
1.535254,tcp,http,FIN,10,10,826,1266,12.375802,62,252,3876.882812,5940.385254,2,2,170.481889,159.070562,11933.0656,244.118016,255,708428911,3141441573,255,0.180318,0.103612,0.076706,83,127,2,1,1,1,2,0,0,3,No
59.995678,arp,-,INT,2,0,92,0,0.016668,0,0,6.133775,0,0,0,59998.2,0,0,0,0,0,0,0,0,0,0,46,0,2,2,2,2,2,0,0,2,No
0.757295,tcp,-,FIN,10,6,534,268,19.80734,254,252,5081.243164,2366.316895,2,1,84.023333,123.799203,4064.836863,186.487812,255,1416292821,1856664256,255,0.226895,0.138291,0.088604,53,45,3,1,1,1,2,0,0,2,No
0.759306,tcp,-,FIN,10,8,534,354,22.388865,254,252,5067.785645,3266.140381,2,1,84.242667,98.501711,4716.886723,140.050609,255,2545019062,3292860217,255,0.172317,0.069791,0.102526,53,44,5,1,1,1,3,0,0,3,No
1.294036,tcp,-,FIN,10,8,2516,354,13.137192,254,252,14002.70117,1916.484497,2,1,143.781778,173.331141,9390.189727,257.271375,255,1381018516,1985881197,255,0.135361,0.079802,0.055559,252,44,2,1,1,1,2,0,0,3,No
1.059359,tcp,http,FIN,10,8,830,1134,16.047441,62,252,5641.147461,7498.874512,2,2,117.706556,132.899281,6102.668305,255.756219,255,1853677305,1202418679,255,0.274887,0.128459,0.146428,83,142,1,1,1,1,1,0,0,1,No
0.624048,tcp,-,FIN,10,6,534,268,24.036613,254,252,6166.192383,2871.573975,2,1,69.229667,106.834797,3412.856309,145.655875,255,2425182602,2706975732,255,0.221323,0.089865,0.131458,53,45,5,1,1,1,3,0,0,3,No
1.190292,tcp,-,FIN,10,8,2516,354,14.28221,254,252,15223.15527,2083.522461,2,1,132.107111,154.911719,8972.551926,220.423188,255,3033763933,3509078729,255,0.195284,0.105903,0.089381,252,44,2,1,1,1,2,0,0,3,No
0.999472,tcp,-,FIN,10,6,534,268,15.007924,254,252,3850.032715,1792.946655,2,1,110.960333,178.405406,6141.458662,306.944813,255,2868770840,4280658180,255,0.266426,0.107439,0.158987,53,45,5,1,1,1,3,0,0,3,No
0.990548,tcp,http,FIN,10,10,804,1414,19.181301,62,252,5847.268066,10281.17773,2,2,110.060889,100.616555,7172.956819,143.497953,255,1528762476,1066585482,255,0.181441,0.084249,0.097192,80,141,2,1,1,1,2,0,0,2,No
0.655618,tcp,-,FIN,10,6,534,268,22.879176,254,252,5869.271484,2733.298828,2,1,69.326,107.047,3518.358106,160.930422,255,740536776,1008520884,255,0.199328,0.120374,0.078954,53,45,2,1,1,1,2,0,0,2,No
0.810167,tcp,-,FIN,10,8,2516,354,20.983328,254,252,22365.75781,3061.097168,2,1,83.946222,98.96643,5467.042547,158.574391,255,811780886,2226389848,255,0.21379,0.117396,0.096394,252,44,17,1,1,1,3,0,0,3,No
14.846565,tcp,-,REQ,22,0,990,0,1.414469,254,0,509.208679,0,21,0,706.979312,0,965.398187,0,255,0,0,0,0,0,0,45,0,17,6,3,3,14,0,0,15,No
14.846565,tcp,-,REQ,22,0,990,0,1.414469,254,0,509.208679,0,21,0,706.979312,0,965.398187,0,255,0,0,0,0,0,0,45,0,17,6,3,3,14,0,0,15,No
14.846565,tcp,-,REQ,22,0,990,0,1.414469,254,0,509.208679,0,21,0,706.979312,0,965.398187,0,255,0,0,0,0,0,0,45,0,17,6,3,3,14,0,0,15,No
1.588788,tcp,-,FIN,10,6,534,268,9.441159,254,252,2421.971924,1127.903809,2,1,173.193,301.393594,11388.44841,541.030062,255,3086844008,3257523641,255,0.153274,0.081819,0.071455,53,45,2,1,1,1,2,0,0,2,No
1.151373,tcp,-,FIN,10,8,2516,354,14.76498,254,252,15737.73145,2153.949951,2,1,123.646778,144.751719,8172.13149,198.059172,255,531787453,1249086836,255,0.24447,0.13811,0.10636,252,44,17,1,1,1,3,0,0,3,No
14.355273,tcp,-,REQ,20,0,900,0,1.323555,254,0,476.47995,0,19,0,755.540687,0,1095.4585,0,255,0,0,0,0,0,0,45,0,17,6,3,3,14,0,0,15,No
14.355273,tcp,-,REQ,20,0,900,0,1.323555,254,0,476.47995,0,19,0,755.540687,0,1095.4585,0,255,0,0,0,0,0,0,45,0,17,6,3,3,14,0,0,15,No
14.355273,tcp,-,REQ,20,0,900,0,1.323555,254,0,476.47995,0,19,0,755.540687,0,1095.4585,0,255,0,0,0,0,0,0,45,0,17,6,3,3,14,0,0,15,No
15.53235,tcp,-,REQ,20,0,900,0,1.223253,254,0,440.371246,0,19,0,817.492125,0,1294.16175,0,255,0,0,0,0,0,0,45,0,17,6,3,3,14,0,0,15,No
15.590977,tcp,-,REQ,20,0,900,0,1.218654,254,0,438.715302,0,19,0,820.57775,0,1301.85075,0,255,0,0,0,0,0,0,45,0,17,6,3,3,14,0,0,15,No
15.53235,tcp,-,REQ,20,0,900,0,1.223253,254,0,440.371246,0,19,0,817.492125,0,1294.16175,0,255,0,0,0,0,0,0,45,0,17,6,3,3,14,0,0,15,No
15.53235,tcp,-,REQ,20,0,900,0,1.223253,254,0,440.371246,0,19,0,817.492125,0,1294.16175,0,255,0,0,0,0,0,0,45,0,17,6,3,3,14,0,0,15,No
15.590977,tcp,-,REQ,20,0,900,0,1.218654,254,0,438.715302,0,19,0,820.57775,0,1301.85075,0,255,0,0,0,0,0,0,45,0,17,6,3,3,14,0,0,15,No
15.590977,tcp,-,REQ,20,0,900,0,1.218654,254,0,438.715302,0,19,0,820.57775,0,1301.85075,0,255,0,0,0,0,0,0,45,0,17,6,3,3,14,0,0,15,No
1.074494,tcp,-,FIN,10,8,2516,354,15.821401,254,252,16863.75195,2308.063232,2,1,119.388222,135.148,7733.705204,189.958375,255,2795605829,1134397635,255,0.22157,0.127886,0.093684,252,44,17,1,1,1,3,0,0,3,No
15.979696,tcp,-,REQ,18,0,810,0,1.06385,254,0,382.985992,0,17,0,939.982125,0,1630.5805,0,255,0,0,0,0,0,0,45,0,17,6,1,1,14,0,0,15,No
15.226356,tcp,-,REQ,18,0,810,0,1.116485,254,0,401.934662,0,17,0,895.668,0,1477.873125,0,255,0,0,0,0,0,0,45,0,17,6,1,1,14,0,0,15,No
15.979696,tcp,-,REQ,18,0,810,0,1.06385,254,0,382.985992,0,17,0,939.982125,0,1630.5805,0,255,0,0,0,0,0,0,45,0,18,6,2,2,17,0,0,17,No
15.226356,tcp,-,REQ,18,0,810,0,1.116485,254,0,401.934662,0,17,0,895.668,0,1477.873125,0,255,0,0,0,0,0,0,45,0,18,6,2,2,17,0,0,17,No
15.979696,tcp,-,REQ,18,0,810,0,1.06385,254,0,382.985992,0,17,0,939.982125,0,1630.5805,0,255,0,0,0,0,0,0,45,0,18,6,2,2,17,0,0,17,No
1.303518,tcp,http,FIN,12,8,898,1120,14.575939,62,252,5057.083984,6014.492676,2,2,118.501635,175.467,6491.561713,252.408328,255,1182907296,802589817,255,0.140062,0.07451,0.065552,75,140,1,1,1,1,1,0,0,1,No
15.226356,tcp,-,REQ,18,0,810,0,1.116485,254,0,401.934662,0,17,0,895.668,0,1477.873125,0,255,0,0,0,0,0,0,45,0,18,6,2,2,17,0,0,17,No
15.374568,tcp,-,REQ,16,0,720,0,0.975637,254,0,351.22937,0,15,0,1024.971188,0,1831.659375,0,255,0,0,0,0,0,0,45,0,18,6,3,3,17,0,0,17,No
15.374568,tcp,-,REQ,16,0,720,0,0.975637,254,0,351.22937,0,15,0,1024.971188,0,1831.659375,0,255,0,0,0,0,0,0,45,0,18,6,3,3,17,0,0,17,No
15.374568,tcp,-,REQ,16,0,720,0,0.975637,254,0,351.22937,0,15,0,1024.971188,0,1831.659375,0,255,0,0,0,0,0,0,45,0,18,6,3,3,17,0,0,17,No
0.582389,tcp,-,FIN,10,6,534,268,25.755981,254,252,6607.267578,3076.981201,2,1,64.699778,96.684398,3507.093149,155.981016,255,4226419251,1222508038,255,0.178731,0.098958,0.079773,53,45,3,1,1,1,2,0,0,2,No
16.448053,tcp,-,REQ,14,0,630,0,0.790367,254,0,284.532166,0,13,0,1265.234875,0,2435.79,0,255,0,0,0,0,0,0,45,0,18,6,3,3,17,0,0,17,No
16.76671,tcp,-,REQ,14,0,630,0,0.775346,254,0,279.124512,0,13,0,1289.747,0,2508.6645,0,255,0,0,0,0,0,0,45,0,18,6,3,3,17,0,0,17,No
16.76671,tcp,-,REQ,14,0,630,0,0.775346,254,0,279.124512,0,13,0,1289.747,0,2508.6645,0,255,0,0,0,0,0,0,45,0,18,6,3,3,17,0,0,17,No
15.40279,tcp,-,REQ,14,0,630,0,0.844003,254,0,303.841064,0,13,0,1184.83,0,2188.4775,0,255,0,0,0,0,0,0,45,0,18,6,3,3,17,0,0,17,No
16.448053,tcp,-,REQ,14,0,630,0,0.790367,254,0,284.532166,0,13,0,1265.234875,0,2435.79,0,255,0,0,0,0,0,0,45,0,18,6,3,3,17,0,0,17,No
2.462774,tcp,-,FIN,10,8,2516,354,6.902785,254,252,7357.556641,1006.994507,2,1,273.641556,328.576719,17425.54618,481.345844,255,3840327893,3548556327,255,0.2792,0.162075,0.117125,252,44,18,1,1,1,1,0,0,1,No
1.047169,tcp,-,FIN,10,8,534,354,16.234247,254,252,3674.669678,2368.290283,2,1,116.352111,132.691281,7064.833854,172.447047,255,3922662296,186468384,255,0.171522,0.11764,0.053882,53,44,3,1,1,1,2,0,0,2,No
16.76671,tcp,-,REQ,14,0,630,0,0.775346,254,0,279.124512,0,13,0,1289.747,0,2508.6645,0,255,0,0,0,0,0,0,45,0,18,6,3,3,17,0,0,17,No
16.448053,tcp,-,REQ,14,0,630,0,0.790367,254,0,284.532166,0,13,0,1265.234875,0,2435.79,0,255,0,0,0,0,0,0,45,0,18,6,3,3,17,0,0,17,No
15.40279,tcp,-,REQ,14,0,630,0,0.844003,254,0,303.841064,0,13,0,1184.83,0,2188.4775,0,255,0,0,0,0,0,0,45,0,18,6,3,3,17,0,0,17,No
15.40279,tcp,-,REQ,14,0,630,0,0.844003,254,0,303.841064,0,13,0,1184.83,0,2188.4775,0,255,0,0,0,0,0,0,45,0,18,6,3,3,17,0,0,17,No
2.417396,tcp,http,FIN,12,10,896,1142,8.687033,62,252,2720.282471,3402.007568,2,2,219.671639,251.911219,13318.12168,368.903437,255,1647371567,938705912,255,0.301504,0.150194,0.15131,75,114,1,1,1,1,1,0,0,1,No
16.044233,tcp,-,REQ,12,0,540,0,0.685605,254,0,246.817657,0,11,0,1458.56675,0,2845.959,0,255,0,0,0,0,0,0,45,0,8,6,2,2,7,0,0,8,No
16.352577,tcp,-,REQ,12,0,540,0,0.672677,254,0,242.163666,0,11,0,1486.598,0,2934.0635,0,255,0,0,0,0,0,0,45,0,8,6,3,3,7,0,0,8,No
16.044233,tcp,-,REQ,12,0,540,0,0.685605,254,0,246.817657,0,11,0,1458.56675,0,2845.959,0,255,0,0,0,0,0,0,45,0,18,6,1,1,17,0,0,17,No
16.352577,tcp,-,REQ,12,0,540,0,0.672677,254,0,242.163666,0,11,0,1486.598,0,2934.0635,0,255,0,0,0,0,0,0,45,0,8,6,3,3,7,0,0,8,No
16.352577,tcp,-,REQ,12,0,540,0,0.672677,254,0,242.163666,0,11,0,1486.598,0,2934.0635,0,255,0,0,0,0,0,0,45,0,8,6,3,3,7,0,0,8,No
16.044233,tcp,-,REQ,12,0,540,0,0.685605,254,0,246.817657,0,11,0,1458.56675,0,2845.959,0,255,0,0,0,0,0,0,45,0,8,6,2,2,7,0,0,8,No
0.664512,tcp,-,FIN,10,6,534,268,22.572957,254,252,5790.71582,2696.71582,2,1,69.994778,114.784602,3565.853629,166.495,255,2600388172,623342715,255,0.148054,0.090584,0.05747,53,45,5,1,1,1,3,0,0,3,No
0.860208,tcp,-,FIN,10,6,534,268,17.437643,254,252,4473.336914,2083.217041,2,1,95.474667,156.240203,4650.146095,225.094078,255,2537299422,4130059309,255,0.16717,0.079005,0.088165,53,45,5,1,1,1,3,0,0,3,No
15.102544,tcp,-,REQ,10,0,450,0,0.595926,254,0,214.533401,0,9,0,1678.0605,0,3601.72875,0,255,0,0,0,0,0,0,45,0,11,6,2,2,11,0,0,11,No
1.979445,tcp,http,FIN,10,10,810,1228,9.59865,62,252,2946.280518,4469.939941,2,2,219.938333,211.908,14679.52685,514.389156,255,504743724,17824254,255,0.14109,0.071357,0.069733,81,123,2,1,1,1,2,0,0,2,No
15.102544,tcp,-,REQ,10,0,450,0,0.595926,254,0,214.533401,0,9,0,1678.0605,0,3601.72875,0,255,0,0,0,0,0,0,45,0,11,6,2,2,11,0,0,11,No
1.763225,tcp,-,FIN,10,8,2516,354,9.641424,254,252,10276.62402,1406.513672,2,1,193.716111,229.543281,11342.30539,425.373531,255,732537965,857310543,255,0.228211,0.156418,0.071793,252,44,8,1,1,1,1,0,0,1,No
0.651652,tcp,-,FIN,10,6,534,268,23.018422,254,252,5904.992188,2749.934082,2,1,68.209889,112.848203,3503.393362,172.291953,255,573378078,3844895218,255,0.191544,0.087402,0.104142,53,45,5,1,1,1,3,0,0,3,No
15.684376,tcp,-,REQ,10,0,450,0,0.573819,254,0,206.575012,0,9,0,1742.7085,0,3773.5005,0,255,0,0,0,0,0,0,45,0,8,6,2,2,7,0,0,8,No
15.684376,tcp,-,REQ,10,0,450,0,0.573819,254,0,206.575012,0,9,0,1742.7085,0,3773.5005,0,255,0,0,0,0,0,0,45,0,8,6,2,2,7,0,0,8,No
15.008936,tcp,-,REQ,8,0,360,0,0.466389,254,0,167.899979,0,7,0,2144.13375,0,4393.9205,0,255,0,0,0,0,0,0,45,0,11,6,2,2,11,0,0,11,No
15.008936,tcp,-,REQ,8,0,360,0,0.466389,254,0,167.899979,0,7,0,2144.13375,0,4393.9205,0,255,0,0,0,0,0,0,45,0,11,6,2,2,11,0,0,11,No
1.15935,tcp,-,FIN,10,8,534,354,14.663388,254,252,3319.101074,2139.129639,2,1,122.448111,153.663141,8652.007826,198.409875,255,1859843698,1145592012,255,0.153635,0.083699,0.069936,53,44,3,1,1,1,2,0,0,2,No
16.131804,tcp,-,REQ,8,0,360,0,0.433925,254,0,156.213165,0,7,0,2304.54325,0,4770.138,0,255,0,0,0,0,0,0,45,0,11,6,2,2,11,0,0,11,No
16.131804,tcp,-,REQ,8,0,360,0,0.433925,254,0,156.213165,0,7,0,2304.54325,0,4770.138,0,255,0,0,0,0,0,0,45,0,11,6,2,2,11,0,0,11,No
0.717487,tcp,-,FIN,10,6,534,268,20.906303,254,252,5363.163574,2497.606201,2,1,66.388333,126.871,3284.802132,162.022297,255,4059060577,1649278110,255,0.132444,0.083125,0.049319,53,45,3,1,1,1,2,0,0,2,No
16.488672,tcp,-,REQ,6,0,270,0,0.303238,254,0,109.165855,0,5,0,3297.7345,0,6174.6335,0,255,0,0,0,0,0,0,45,0,11,6,2,2,11,0,0,11,No
0.874834,tcp,-,FIN,10,8,2516,354,19.432258,254,252,20712.5,2834.823486,2,1,97.190556,104.87743,5023.861708,182.480562,255,2138990264,4013507049,255,0.228169,0.140685,0.087484,252,44,12,1,1,1,3,0,0,3,No
16.800188,tcp,-,REQ,6,0,270,0,0.297616,254,0,107.141655,0,5,0,3360.0375,0,6278.833,0,255,0,0,0,0,0,0,45,0,12,6,1,1,9,0,0,9,No
16.488672,tcp,-,REQ,6,0,270,0,0.303238,254,0,109.165855,0,5,0,3297.7345,0,6174.6335,0,255,0,0,0,0,0,0,45,0,11,6,2,2,11,0,0,11,No
16.800188,tcp,-,REQ,6,0,270,0,0.297616,254,0,107.141655,0,5,0,3360.0375,0,6278.833,0,255,0,0,0,0,0,0,45,0,11,6,1,1,11,0,0,11,No
1.538604,tcp,http,FIN,10,10,814,1266,12.348856,62,252,3811.24707,5927.451172,2,2,170.860889,158.795219,9513.325933,271.657688,255,664847518,2707919610,255,0.333902,0.109439,0.224463,81,127,2,1,1,1,2,0,0,2,No
16.136995,tcp,-,REQ,6,0,270,0,0.309847,254,0,111.54493,0,5,0,3227.399,0,6033.978,0,255,0,0,0,0,0,0,45,0,11,6,2,2,11,0,0,11,No
16.136995,tcp,-,REQ,6,0,270,0,0.309847,254,0,111.54493,0,5,0,3227.399,0,6033.978,0,255,0,0,0,0,0,0,45,0,11,6,2,2,11,0,0,11,No
17.272808,tcp,-,REQ,4,0,180,0,0.173683,254,0,62.526024,0,3,0,5757.6025,0,8142.4755,0,255,0,0,0,0,0,0,45,0,12,6,2,2,9,0,0,9,No
17.267853,tcp,-,REQ,4,0,180,0,0.173733,254,0,62.543964,0,3,0,5755.9505,0,8140.131,0,255,0,0,0,0,0,0,45,0,12,6,2,2,9,0,0,9,No
17.267853,tcp,-,REQ,4,0,180,0,0.173733,254,0,62.543964,0,3,0,5755.9505,0,8140.131,0,255,0,0,0,0,0,0,45,0,12,6,2,2,9,0,0,9,No
0.869206,tcp,-,FIN,10,6,534,268,17.257129,254,252,4427.028809,2061.651611,2,1,89.176556,152.091797,4647.90085,215.683547,255,1130834393,1765038992,255,0.2012,0.108745,0.092455,53,45,4,1,1,1,3,0,0,3,No
19.176811,tcp,-,REQ,4,0,180,0,0.156439,254,0,56.31802,0,3,0,6392.2705,0,9040.03,0,255,0,0,0,0,0,0,45,0,12,6,2,2,9,0,0,9,No
17.272808,tcp,-,REQ,4,0,180,0,0.173683,254,0,62.526024,0,3,0,5757.6025,0,8142.4755,0,255,0,0,0,0,0,0,45,0,12,6,2,2,9,0,0,9,No
16.687513,tcp,-,REQ,4,0,180,0,0.179775,254,0,64.719048,0,3,0,5562.5045,0,7866.557,0,255,0,0,0,0,0,0,45,0,12,6,2,2,9,0,0,9,No
19.176811,tcp,-,REQ,4,0,180,0,0.156439,254,0,56.31802,0,3,0,6392.2705,0,9040.03,0,255,0,0,0,0,0,0,45,0,12,6,2,2,9,0,0,9,No
0.816781,tcp,-,FIN,10,6,2516,268,18.364776,254,252,22184.65039,2193.978516,2,1,90.476222,137.692797,4489.654147,196.170453,255,2986121594,4120927092,255,0.234341,0.128308,0.106033,252,45,12,1,1,1,3,0,0,3,No
16.687513,tcp,-,REQ,4,0,180,0,0.179775,254,0,64.719048,0,3,0,5562.5045,0,7866.557,0,255,0,0,0,0,0,0,45,0,12,6,2,2,9,0,0,9,No
0.724897,tcp,-,FIN,10,6,534,268,20.692594,254,252,5308.340332,2472.075195,2,1,78.324111,114.136,4176.591702,179.829109,255,1754390776,3920969527,255,0.305671,0.154212,0.151459,53,45,4,1,1,1,3,0,0,3,No
1.625287,tcp,http,FIN,12,8,876,1182,11.690243,62,252,3952.532471,5094.484863,2,2,147.753369,221.341281,7502.326999,308.739156,255,1189974610,4041664482,255,0.184153,0.075141,0.109012,73,148,1,1,1,1,1,0,0,1,No
1.739142,tcp,-,FIN,10,8,2516,354,9.774935,254,252,10418.93066,1425.990601,2,1,193.200556,237.767719,11446.07773,345.173906,255,2807919407,90823043,255,0.155534,0.074759,0.080775,252,44,12,1,1,1,3,0,0,3,No
0.885835,tcp,-,FIN,10,6,534,268,16.933176,254,252,4343.924316,2022.950073,2,1,98.388333,146.184594,4828.08777,224.065016,255,1049614339,2314763912,255,0.264407,0.154903,0.109504,53,45,4,1,1,1,3,0,0,3,No
1.179485,tcp,-,FIN,10,8,534,354,14.413071,254,252,3262.440918,2102.612549,2,1,131.053889,157.24,7212.306954,296.206062,255,2521601668,1350177862,255,0.153475,0.059793,0.093682,53,44,5,1,1,1,2,0,0,2,No
1.318945,tcp,-,FIN,10,8,2516,354,12.889089,254,252,13738.25195,1880.290649,2,1,139.290556,176.796141,8370.505282,290.400688,255,194472982,3611257216,255,0.141348,0.081363,0.059985,252,44,1,1,1,1,1,0,0,2,No
1.048635,tcp,http,FIN,10,8,824,1206,16.211551,62,252,5660.692383,8056.1875,2,2,116.515,129.34943,6160.721977,249.897156,255,3719681799,1268959706,255,0.263248,0.142526,0.120722,82,151,4,1,1,1,4,0,0,4,No
1.49338,tcp,http,FIN,10,10,822,1378,12.722817,62,252,3964.161865,6648.006836,2,2,165.843111,154.136328,9429.113098,361.663156,255,2803389328,344484475,255,0.24616,0.106148,0.140012,82,138,4,1,3,3,4,0,0,4,No
1.49338,tcp,http,FIN,10,10,822,1378,12.722817,62,252,3964.161865,6648.006836,2,2,165.843111,154.136328,9429.113098,361.663156,255,2803389328,344484475,255,0.24616,0.106148,0.140012,82,138,4,1,3,3,4,0,0,4,No
0.657843,tcp,-,FIN,10,8,534,354,25.842032,254,252,5849.419922,3769.896484,2,1,71.205889,82.13343,3940.160955,155.716141,255,3513978104,3009814518,255,0.154585,0.0829,0.071685,53,44,5,1,1,1,2,0,0,2,No
1.49338,tcp,http,FIN,10,10,822,1378,12.722817,62,252,3964.161865,6648.006836,2,2,165.843111,154.136328,9429.113098,361.663156,255,2803389328,344484475,255,0.24616,0.106148,0.140012,82,138,4,1,3,3,4,0,0,4,No
1.450415,tcp,-,FIN,10,8,2516,354,11.720783,254,252,12492.97559,1709.855469,2,1,161.142778,196.436281,10739.8817,272.772906,255,2169276756,153020640,255,0.148026,0.075352,0.072674,252,44,3,1,1,1,1,0,0,1,No
1.45018,tcp,-,FIN,10,8,534,354,11.722682,254,252,2653.463623,1710.132446,2,1,161.131111,186.609422,10858.87348,275.466563,255,676216202,1044137019,255,0.147977,0.075253,0.072724,53,44,3,1,1,1,2,0,0,2,No
1.302269,tcp,-,FIN,10,8,534,354,13.054139,254,252,2954.842773,1904.36853,2,1,131.686,173.98,9299.015842,230.862594,255,1096251361,3075233536,255,0.162513,0.084404,0.078109,53,44,3,1,1,1,2,0,0,2,No
1.20946,tcp,http,FIN,10,8,816,1294,14.055859,62,252,4861.673828,7494.253418,2,2,134.384444,161.683141,8559.975615,332.885312,255,4178422368,2909803900,255,0.160495,0.076835,0.08366,82,162,4,1,1,1,4,0,0,5,No
0.638839,tcp,-,FIN,10,6,2516,268,23.480094,254,252,28363.95313,2805.088623,2,1,67.101111,99.882797,3558.53123,152.201516,255,2761340365,4249137715,255,0.223974,0.139422,0.084552,252,45,2,1,1,1,2,0,0,3,No
1.368353,tcp,http,FIN,10,10,810,1138,13.885306,62,252,4262.058105,5992.605469,2,2,151.936889,140.481,8151.237969,274.637688,255,3927142267,686902016,255,0.257473,0.104015,0.153458,81,114,4,1,2,2,4,0,0,5,No
1.368353,tcp,http,FIN,10,10,810,1138,13.885306,62,252,4262.058105,5992.605469,2,2,151.936889,140.481,8151.237969,274.637688,255,3927142267,686902016,255,0.257473,0.104015,0.153458,81,114,4,1,2,2,4,0,0,5,No
0.963874,tcp,-,FIN,10,8,2516,354,17.63716,254,252,18799.13867,2572.950439,2,1,104.145556,128.774,6995.117633,184.499641,255,4020956110,929068355,255,0.122622,0.062448,0.060174,252,44,2,1,1,1,2,0,0,3,No
0.866189,tcp,-,FIN,10,8,534,354,19.626202,254,252,4442.448242,2863.116455,2,1,91.926889,103.145141,4882.050891,188.508297,255,4029826422,3624478972,255,0.237641,0.144164,0.093477,53,44,4,1,1,1,1,0,0,1,No
0.720965,tcp,http,FIN,10,8,800,1246,23.579507,62,252,7989.291992,12105.99609,2,2,80.107222,93.228859,4202.933493,149.406563,255,3269906757,2745857208,255,0.142953,0.067697,0.075256,80,156,2,1,1,1,2,0,0,2,No
0.650809,tcp,-,FIN,10,6,2516,268,23.048237,254,252,27842.27148,2753.496094,2,1,65.168778,105.39,3580.068927,150.487172,255,1790221268,1361794474,255,0.286305,0.12385,0.162455,252,45,2,1,1,1,2,0,0,2,No
1.09756,tcp,http,FIN,10,10,792,1140,17.311126,62,252,5196.981934,7478.40625,2,2,121.937222,113.950555,7823.68249,154.534266,255,365998042,2150456672,255,0.149633,0.072004,0.077629,79,114,2,1,1,1,2,0,0,2,No
0.847027,tcp,-,FIN,10,6,534,268,17.708999,254,252,4542.948242,2115.63501,2,1,90.553,146.489,4881.42292,226.545547,255,854834386,928619636,255,0.265274,0.114578,0.150696,53,45,2,1,1,1,2,0,0,2,No
0.698707,tcp,-,FIN,10,6,2516,268,21.468227,254,252,25933.61719,2564.737549,2,1,72.785,117.88,3880.991189,184.798297,255,2697171862,79615878,255,0.203594,0.109304,0.09429,252,45,2,1,1,1,2,0,0,2,No
1.058935,tcp,-,FIN,10,8,2516,354,16.053865,254,252,17111.53125,2341.975586,2,1,117.649444,141.687141,7825.927286,202.278828,255,2876010731,1773399987,255,0.15398,0.067118,0.086862,252,44,3,1,1,1,2,0,0,2,No
0.762124,tcp,-,FIN,10,8,534,354,22.306081,254,252,5049.047363,3254.063721,2,1,84.680444,97.66257,5196.7357,131.455094,255,2450225453,857637212,255,0.132417,0.07776,0.054657,53,44,6,1,1,1,4,0,0,4,No
0.696721,tcp,-,FIN,10,8,2516,354,24.40001,254,252,26007.54102,3559.531006,2,1,74.717,90.208289,4045.492527,163.732797,255,3664217323,1561140497,255,0.137256,0.065254,0.072002,252,44,3,1,1,1,2,0,0,2,No
1.552272,tcp,http,FIN,10,8,822,1120,10.951689,62,252,3813.764648,5050.661133,2,2,172.474667,205.666422,10175.85319,397.208594,255,1797628756,1731393852,255,0.22291,0.098223,0.124687,82,140,2,1,1,1,2,0,0,2,No
1.080772,tcp,-,FIN,10,8,534,354,15.729496,254,252,3560.417725,2294.656006,2,1,118.041778,140.174578,7023.830555,207.317875,255,150265011,4249647506,255,0.18222,0.099541,0.082679,53,44,6,1,1,1,4,0,0,4,No
0.685279,tcp,-,FIN,10,6,534,268,21.888895,254,252,5615.230957,2614.993164,2,1,63.285444,108.015,3505.66538,138.291359,255,2270531088,1239868836,255,0.236791,0.145203,0.091588,53,45,5,1,1,1,3,0,0,3,No
0.874161,tcp,http,FIN,10,10,796,1192,21.735126,62,252,6561.720215,9819.701172,2,2,97.129,86.873555,5342.234208,160.059984,255,3592259928,3043092096,255,0.174053,0.091674,0.082379,80,119,2,1,1,1,1,0,0,1,No
0.633507,tcp,-,FIN,10,6,2516,268,23.677717,254,252,28602.68164,2828.697998,2,1,66.765333,112.086602,3599.072528,181.029141,255,2985558268,2856325946,255,0.15334,0.073071,0.080269,252,45,18,1,1,1,1,0,0,1,No
0.418529,tcp,-,FIN,10,6,534,268,35.83981,254,252,9194.105469,4281.662598,2,1,43.467333,66.652203,2208.951184,89.613461,255,1570613953,2907579949,255,0.155128,0.08526,0.069868,53,45,5,1,2,1,3,0,0,3,No
9.734114,tcp,-,REQ,12,0,540,0,1.130046,254,0,406.816711,0,11,0,884.919437,0,1438.30125,0,255,0,0,0,0,0,0,45,0,18,6,2,2,18,0,0,17,No
9.05373,tcp,-,REQ,12,0,540,0,1.214969,254,0,437.388794,0,11,0,823.066375,0,1273.996375,0,255,0,0,0,0,0,0,45,0,18,6,2,2,18,0,0,17,No
8.834706,tcp,-,REQ,12,0,540,0,1.245089,254,0,448.232208,0,11,0,803.155062,0,1223.7005,0,255,0,0,0,0,0,0,45,0,18,6,2,2,18,0,0,17,No
9.05373,tcp,-,REQ,12,0,540,0,1.214969,254,0,437.388794,0,11,0,823.066375,0,1273.996375,0,255,0,0,0,0,0,0,45,0,18,6,2,2,18,0,0,17,No
8.232217,tcp,-,REQ,12,0,540,0,1.336214,254,0,481.036896,0,11,0,748.383375,0,1073.022,0,255,0,0,0,0,0,0,45,0,18,6,2,2,18,0,0,17,No
9.492497,tcp,-,REQ,12,0,540,0,1.15881,254,0,417.17157,0,11,0,862.95425,0,1377.74275,0,255,0,0,0,0,0,0,45,0,18,6,2,2,18,0,0,17,No
8.232217,tcp,-,REQ,12,0,540,0,1.336214,254,0,481.036896,0,11,0,748.383375,0,1073.022,0,255,0,0,0,0,0,0,45,0,18,6,2,2,18,0,0,17,No
9.492497,tcp,-,REQ,12,0,540,0,1.15881,254,0,417.17157,0,11,0,862.95425,0,1377.74275,0,255,0,0,0,0,0,0,45,0,18,6,2,2,18,0,0,17,No
1.139638,tcp,-,FIN,10,8,534,354,14.917018,254,252,3376.510986,2176.129639,2,1,126.522667,138.379141,7527.464104,177.597625,255,516089707,2848975953,255,0.272878,0.170975,0.101903,53,44,5,1,2,1,3,0,0,3,No
9.734114,tcp,-,REQ,12,0,540,0,1.130046,254,0,406.816711,0,11,0,884.919437,0,1438.30125,0,255,0,0,0,0,0,0,45,0,18,6,2,2,18,0,0,17,No
8.834706,tcp,-,REQ,12,0,540,0,1.245089,254,0,448.232208,0,11,0,803.155062,0,1223.7005,0,255,0,0,0,0,0,0,45,0,18,6,2,2,18,0,0,17,No
0.000006,tcp,-,REQ,2,0,90,0,166666.6608,254,0,59999996,0,1,0,0.006,0,0,0,255,0,0,0,0,0,0,45,0,18,6,1,1,18,0,0,17,No
13.982293,tcp,-,REQ,10,0,450,0,0.643671,254,0,231.721649,0,9,0,1553.588125,0,3023.2175,0,255,0,0,0,0,0,0,45,0,27,6,2,2,25,0,0,25,No
20.535067,tcp,-,REQ,10,0,450,0,0.438275,254,0,157.778885,0,9,0,2281.67375,0,5055.469,0,255,0,0,0,0,0,0,45,0,27,6,2,2,25,0,0,25,No
18.112692,tcp,-,REQ,10,0,450,0,0.496889,254,0,178.880096,0,9,0,2012.521375,0,4301.3875,0,255,0,0,0,0,0,0,45,0,27,6,2,2,25,0,0,25,No
0.500492,tcp,-,FIN,10,6,2516,268,29.97051,254,252,36204.375,3580.477051,2,1,55.454778,87.089602,2698.828515,125.331422,255,2593748055,4108003839,255,0.109026,0.065034,0.043992,252,45,27,1,1,1,1,0,0,1,No
15.328777,tcp,-,REQ,10,0,450,0,0.587131,254,0,211.367157,0,9,0,1703.1975,0,3444.5785,0,255,0,0,0,0,0,0,45,0,27,6,2,2,25,0,0,25,No
14.958252,tcp,-,REQ,10,0,450,0,0.601675,254,0,216.602844,0,9,0,1662.028,0,3325.15875,0,255,0,0,0,0,0,0,45,0,27,6,2,2,25,0,0,25,No
13.053721,tcp,-,REQ,10,0,450,0,0.689459,254,0,248.205078,0,9,0,1450.4135,0,2746.9375,0,255,0,0,0,0,0,0,45,0,27,6,2,2,25,0,0,25,No
1.12155,tcp,http,FIN,12,10,890,1150,18.724088,62,252,5820.516602,7382.640137,2,2,101.878273,114.842109,6268.573175,186.929859,255,3214576969,978178361,255,0.155339,0.08797,0.067369,74,115,2,1,1,1,2,0,0,2,No
14.958252,tcp,-,REQ,10,0,450,0,0.601675,254,0,216.602844,0,9,0,1662.028,0,3325.15875,0,255,0,0,0,0,0,0,45,0,27,6,2,2,25,0,0,25,No
19.106997,tcp,-,REQ,10,0,450,0,0.471032,254,0,169.571396,0,9,0,2122.9995,0,4611.1625,0,255,0,0,0,0,0,0,45,0,27,6,2,2,25,0,0,25,No
24.755817,tcp,-,REQ,10,0,450,0,0.363551,254,0,130.878326,0,9,0,2750.64575,0,6359.573,0,255,0,0,0,0,0,0,45,0,27,6,1,1,25,0,0,25,No
23.255651,tcp,-,REQ,10,0,450,0,0.387003,254,0,139.320969,0,9,0,2583.96125,0,5897.124,0,255,0,0,0,0,0,0,45,0,18,6,2,2,18,0,0,17,No
22.761002,tcp,-,REQ,10,0,450,0,0.395413,254,0,142.34874,0,9,0,2529,0,5749.481,0,255,0,0,0,0,0,0,45,0,18,6,2,2,18,0,0,17,No
23.255651,tcp,-,REQ,10,0,450,0,0.387003,254,0,139.320969,0,9,0,2583.96125,0,5897.124,0,255,0,0,0,0,0,0,45,0,18,6,2,2,18,0,0,17,No
22.761002,tcp,-,REQ,10,0,450,0,0.395413,254,0,142.34874,0,9,0,2529,0,5749.481,0,255,0,0,0,0,0,0,45,0,18,6,2,2,18,0,0,17,No
18.44595,tcp,-,REQ,10,0,450,0,0.487912,254,0,175.648315,0,9,0,2049.54975,0,4402.1095,0,255,0,0,0,0,0,0,45,0,18,6,1,1,18,0,0,17,No
24.755817,tcp,-,REQ,10,0,450,0,0.363551,254,0,130.878326,0,9,0,2750.64575,0,6359.573,0,255,0,0,0,0,0,0,45,0,18,6,1,1,18,0,0,17,No
15.328777,tcp,-,REQ,10,0,450,0,0.587131,254,0,211.367157,0,9,0,1703.1975,0,3444.5785,0,255,0,0,0,0,0,0,45,0,27,6,2,2,25,0,0,25,No
13.053721,tcp,-,REQ,10,0,450,0,0.689459,254,0,248.205078,0,9,0,1450.4135,0,2746.9375,0,255,0,0,0,0,0,0,45,0,27,6,2,2,25,0,0,25,No
20.535067,tcp,-,REQ,10,0,450,0,0.438275,254,0,157.778885,0,9,0,2281.67375,0,5055.469,0,255,0,0,0,0,0,0,45,0,27,6,2,2,25,0,0,25,No
21.025787,tcp,-,REQ,10,0,450,0,0.428046,254,0,154.096481,0,9,0,2336.19825,0,5212.482,0,255,0,0,0,0,0,0,45,0,27,6,2,2,25,0,0,25,No
21.987556,tcp,-,REQ,10,0,450,0,0.409322,254,0,147.356079,0,9,0,2443.06175,0,5508.143,0,255,0,0,0,0,0,0,45,0,27,6,2,2,25,0,0,25,No
18.112692,tcp,-,REQ,10,0,450,0,0.496889,254,0,178.880096,0,9,0,2012.521375,0,4301.3875,0,255,0,0,0,0,0,0,45,0,27,6,2,2,25,0,0,25,No
18.44595,tcp,-,REQ,10,0,450,0,0.487912,254,0,175.648315,0,9,0,2049.54975,0,4402.1095,0,255,0,0,0,0,0,0,45,0,27,6,1,1,25,0,0,25,No
21.987556,tcp,-,REQ,10,0,450,0,0.409322,254,0,147.356079,0,9,0,2443.06175,0,5508.143,0,255,0,0,0,0,0,0,45,0,27,6,2,2,25,0,0,25,No
21.025787,tcp,-,REQ,10,0,450,0,0.428046,254,0,154.096481,0,9,0,2336.19825,0,5212.482,0,255,0,0,0,0,0,0,45,0,27,6,2,2,25,0,0,25,No
19.106997,tcp,-,REQ,10,0,450,0,0.471032,254,0,169.571396,0,9,0,2122.9995,0,4611.1625,0,255,0,0,0,0,0,0,45,0,27,6,2,2,25,0,0,25,No
13.982293,tcp,-,REQ,10,0,450,0,0.643671,254,0,231.721649,0,9,0,1553.588125,0,3023.2175,0,255,0,0,0,0,0,0,45,0,27,6,2,2,25,0,0,25,No
23.333012,tcp,-,REQ,8,0,360,0,0.300004,254,0,108.001488,0,7,0,3333.28675,0,7123.69,0,255,0,0,0,0,0,0,45,0,27,6,2,2,25,0,0,25,No
23.333012,tcp,-,REQ,8,0,360,0,0.300004,254,0,108.001488,0,7,0,3333.28675,0,7123.69,0,255,0,0,0,0,0,0,45,0,27,6,2,2,25,0,0,25,No
0.000009,udp,-,INT,2,0,104,0,111111.1072,254,0,46222220,0,0,0,0.009,0,0,0,0,0,0,0,0,0,0,52,0,2,2,1,1,1,0,0,1,No
25.801886,tcp,-,REQ,8,0,360,0,0.271298,254,0,97.667282,0,7,0,3685.9835,0,7908.7935,0,255,0,0,0,0,0,0,45,0,27,6,2,2,25,0,0,25,No
23.387411,tcp,-,REQ,8,0,360,0,0.299306,254,0,107.750275,0,7,0,3341.05825,0,7135.8145,0,255,0,0,0,0,0,0,45,0,27,6,1,1,25,0,0,25,No
23.660702,tcp,-,REQ,8,0,360,0,0.295849,254,0,106.505714,0,7,0,3380.1,0,7207.256,0,255,0,0,0,0,0,0,45,0,11,6,2,2,10,0,0,10,No
25.758749,tcp,-,REQ,8,0,360,0,0.271752,254,0,97.830841,0,7,0,3679.82075,0,7908.3105,0,255,0,0,0,0,0,0,45,0,11,6,2,2,10,0,0,10,No
23.660702,tcp,-,REQ,8,0,360,0,0.295849,254,0,106.505714,0,7,0,3380.1,0,7207.256,0,255,0,0,0,0,0,0,45,0,11,6,2,2,10,0,0,10,No
25.758749,tcp,-,REQ,8,0,360,0,0.271752,254,0,97.830841,0,7,0,3679.82075,0,7908.3105,0,255,0,0,0,0,0,0,45,0,11,6,2,2,10,0,0,10,No
23.387411,tcp,-,REQ,8,0,360,0,0.299306,254,0,107.750275,0,7,0,3341.05825,0,7135.8145,0,255,0,0,0,0,0,0,45,0,11,6,1,1,10,0,0,10,No
0.000001,udp,-,INT,2,0,104,0,1000000.003,254,0,416000000,0,0,0,0.001,0,0,0,0,0,0,0,0,0,0,52,0,4,2,1,1,2,0,0,2,No
1.673592,tcp,http,FIN,10,10,810,1250,11.352827,62,252,3484.720459,5377.654785,2,2,185.817333,172.823781,11880.84357,264.53125,255,1522106436,1808274607,255,0.272405,0.118175,0.15423,81,125,2,1,1,1,2,0,0,2,No
0.764506,tcp,-,FIN,10,6,534,268,19.620514,254,252,5033.315918,2343.997314,2,1,81.707222,126.416602,4438.601969,203.207203,255,2658339474,3311865946,255,0.197293,0.132422,0.064871,53,45,2,1,1,1,1,0,0,2,No
25.801886,tcp,-,REQ,8,0,360,0,0.271298,254,0,97.667282,0,7,0,3685.9835,0,7908.7935,0,255,0,0,0,0,0,0,45,0,27,6,2,2,25,0,0,25,No
2.185865,tcp,-,FIN,10,8,2516,354,7.777242,254,252,8289.625,1134.562378,2,1,235.241222,298.511844,14077.74139,448.213062,255,474828067,1496932436,255,0.223554,0.096279,0.127275,252,44,11,1,1,1,1,0,0,1,No
0.000004,igmp,-,INT,2,0,90,0,250000.0006,254,0,90000000,0,0,0,0.004,0,0,0,0,0,0,0,0,0,0,45,0,4,2,4,4,4,0,0,4,No
24.682304,tcp,-,REQ,6,0,270,0,0.202574,254,0,72.926743,0,5,0,4936.461,0,9053.515,0,255,0,0,0,0,0,0,45,0,11,6,2,2,10,0,0,10,No
25.819431,tcp,-,REQ,6,0,270,0,0.193653,254,0,69.714935,0,5,0,5163.8865,0,9501.71,0,255,0,0,0,0,0,0,45,0,11,6,2,2,10,0,0,10,No
0.000003,igmp,-,INT,2,0,2120,0,333333.3215,254,0,2826666496,0,0,0,0.003,0,0,0,0,0,0,0,0,0,0,1060,0,4,2,4,4,4,0,0,4,No
0.000004,igmp,-,INT,2,0,90,0,250000.0006,254,0,90000000,0,0,0,0.004,0,0,0,0,0,0,0,0,0,0,45,0,4,2,4,4,4,0,0,4,No
25.819431,tcp,-,REQ,6,0,270,0,0.193653,254,0,69.714935,0,5,0,5163.8865,0,9501.71,0,255,0,0,0,0,0,0,45,0,11,6,2,2,10,0,0,10,No
0.000003,igmp,-,INT,2,0,2120,0,333333.3215,254,0,2826666496,0,0,0,0.003,0,0,0,0,0,0,0,0,0,0,1060,0,4,2,4,4,4,0,0,4,No
24.682304,tcp,-,REQ,6,0,270,0,0.202574,254,0,72.926743,0,5,0,4936.461,0,9053.515,0,255,0,0,0,0,0,0,45,0,11,6,2,2,10,0,0,10,No
1.429959,tcp,-,FIN,10,6,534,268,10.489811,254,252,2690.986084,1253.182739,2,1,154.764778,260.458203,9820.865541,461.2485,255,719690824,970205825,255,0.268815,0.127659,0.141156,53,45,4,1,1,1,2,0,0,2,No
31.542561,tcp,-,REQ,4,0,180,0,0.09511,254,0,34.239452,0,3,0,10514.187,0,14869.294,0,255,0,0,0,0,0,0,45,0,8,6,2,2,7,0,0,7,No
29.195513,tcp,-,REQ,4,0,180,0,0.102756,254,0,36.991985,0,3,0,9731.837,0,13762.884,0,255,0,0,0,0,0,0,45,0,8,6,2,2,7,0,0,7,No
30.79278,tcp,-,REQ,4,0,180,0,0.097425,254,0,35.073158,0,3,0,10264.259,0,14515.846,0,255,0,0,0,0,0,0,45,0,8,6,2,2,7,0,0,7,No
30.79278,tcp,-,REQ,4,0,180,0,0.097425,254,0,35.073158,0,3,0,10264.259,0,14515.846,0,255,0,0,0,0,0,0,45,0,8,6,2,2,7,0,0,7,No
27.413933,tcp,-,REQ,4,0,180,0,0.109433,254,0,39.396027,0,3,0,9137.977,0,12923.047,0,255,0,0,0,0,0,0,45,0,11,6,1,1,10,0,0,10,No
31.542561,tcp,-,REQ,4,0,180,0,0.09511,254,0,34.239452,0,3,0,10514.187,0,14869.294,0,255,0,0,0,0,0,0,45,0,8,6,2,2,7,0,0,7,No
0.524961,tcp,-,FIN,10,6,534,268,28.573551,254,252,7330.068359,3413.586914,2,1,58.226333,79.221797,2984.401603,121.234352,255,2574656218,3450825200,255,0.197129,0.128843,0.068286,53,45,4,1,1,1,2,0,0,2,No
0.000003,udp,-,INT,2,0,104,0,333333.3215,254,0,138666656,0,0,0,0.003,0,0,0,0,0,0,0,0,0,0,52,0,4,2,1,1,2,0,0,2,No
29.195513,tcp,-,REQ,4,0,180,0,0.102756,254,0,36.991985,0,3,0,9731.837,0,13762.884,0,255,0,0,0,0,0,0,45,0,8,6,2,2,7,0,0,7,No
27.413933,tcp,-,REQ,4,0,180,0,0.109433,254,0,39.396027,0,3,0,9137.977,0,12923.047,0,255,0,0,0,0,0,0,45,0,8,6,1,1,7,0,0,7,No
0.000005,igmp,-,INT,2,0,90,0,200000.0051,254,0,72000000,0,0,0,0.005,0,0,0,0,0,0,0,0,0,0,45,0,2,2,2,2,2,0,0,2,No
0.000005,igmp,-,INT,2,0,90,0,200000.0051,254,0,72000000,0,0,0,0.005,0,0,0,0,0,0,0,0,0,0,45,0,2,2,2,2,2,0,0,2,No
1.129944,tcp,-,FIN,10,8,534,354,15.044994,254,252,3405.478516,2194.799072,2,1,122.617,150.692859,6633.795682,259.958828,255,1369330500,1187426251,255,0.248763,0.075085,0.173678,53,44,4,1,1,1,2,0,0,2,No
1.964566,tcp,-,FIN,10,8,2516,354,8.653311,254,252,9223.411133,1262.365356,2,1,218.174222,270.640719,13125.09697,469.482,255,1591881928,2482385855,255,0.159326,0.07008,0.089246,252,44,8,1,1,1,1,0,0,1,No
2.349783,tcp,http,FIN,12,10,888,1370,8.936996,62,252,2771.319824,4197.834473,2,2,213.616639,241.403,12385.515,352.723313,255,1786836554,2627151766,255,0.335828,0.176119,0.159709,74,137,2,1,1,1,1,0,0,1,No
0.000007,udp,-,INT,2,0,104,0,142857.1409,254,0,59428572,0,0,0,0.007,0,0,0,0,0,0,0,0,0,0,52,0,4,2,1,1,2,0,0,2,No
0.921987,ospf,-,INT,20,0,1280,0,20.607666,254,0,10551.125,0,0,0,48.525633,0,52.253805,0,0,0,0,0,0,0,0,64,0,1,2,1,1,2,0,0,1,Yes
0.921987,ospf,-,INT,20,0,1280,0,20.607666,254,0,10551.125,0,0,0,48.525633,0,52.253805,0,0,0,0,0,0,0,0,64,0,1,2,1,1,2,0,0,1,Yes
0.921987,ospf,-,INT,20,0,1280,0,20.607666,254,0,10551.125,0,0,0,48.525633,0,52.253805,0,0,0,0,0,0,0,0,64,0,1,2,1,1,2,0,0,1,Yes
0.921987,ospf,-,INT,20,0,1280,0,20.607666,254,0,10551.125,0,0,0,48.525633,0,52.253805,0,0,0,0,0,0,0,0,64,0,1,2,1,1,2,0,0,1,Yes
0.000009,sctp,-,INT,2,0,104,0,111111.1072,254,0,46222220,0,0,0,0.009,0,0,0,0,0,0,0,0,0,0,52,0,1,2,1,1,2,0,0,1,Yes
0.000009,gre,-,INT,2,0,156,0,111111.1072,254,0,69333328,0,0,0,0.009,0,0,0,0,0,0,0,0,0,0,78,0,1,2,1,1,63,0,0,1,Yes
0.000009,gre,-,INT,2,0,156,0,111111.1072,254,0,69333328,0,0,0,0.009,0,0,0,0,0,0,0,0,0,0,78,0,1,2,1,1,63,0,0,1,Yes
0.000009,gre,-,INT,2,0,156,0,111111.1072,254,0,69333328,0,0,0,0.009,0,0,0,0,0,0,0,0,0,0,78,0,1,2,1,1,63,0,0,1,Yes
0.000009,gre,-,INT,2,0,156,0,111111.1072,254,0,69333328,0,0,0,0.009,0,0,0,0,0,0,0,0,0,0,78,0,1,2,1,1,63,0,0,1,Yes
0.000016,udp,-,INT,2,0,196,0,62500.00016,254,0,49000000,0,0,0,0.016,0,0,0,0,0,0,0,0,0,0,98,0,1,2,1,1,1,0,0,1,Yes
0.224524,tcp,http,FIN,10,8,830,960,75.715734,62,252,26616.30664,29929.98438,2,2,24.947111,30.407428,1344.946273,54.342605,255,3306255269,327760033,255,0.055643,0.00698,0.048663,83,120,3,1,2,1,2,0,0,3,Yes
0.409782,tcp,http,FIN,10,8,852,1336,41.485474,62,252,14973.81543,22821.89063,2,2,45.531333,46.374145,2261.112342,78.615164,255,110924759,1029042703,255,0.123943,0.056063,0.06788,85,167,2,1,2,1,3,0,0,2,Yes
0.258515,tcp,http,FIN,10,6,1064,268,58.023712,254,252,29646.24805,6931.899414,2,1,28.723889,43.326602,1393.321027,76.355812,255,1105088469,46488383,255,0.05861,0.011825,0.046785,106,45,3,1,1,1,1,0,0,2,Yes
0.674665,tcp,-,FIN,10,8,564,354,25.197692,254,252,6023.730469,3675.898438,2,1,74.962778,90.628141,5394.126729,130.206961,255,2485378508,4071225561,255,0.07321,0.039567,0.033643,56,44,2,1,1,1,1,0,0,1,Yes
5.600391,tcp,http,FIN,12,12,886,5236,4.106856,62,252,1161.347534,6856.664062,2,3,509.126466,505.874182,38893.67089,36169.42875,255,3330056193,2684670015,255,0.060118,0.010067,0.050051,74,436,1,1,1,1,1,0,0,1,Yes
0.285988,tcp,-,FIN,10,8,1196,992,59.443053,62,252,30127.13867,24280.73828,2,2,31.776444,37.35,1638.963244,58.916566,255,3629628996,1493336307,255,0.069484,0.012339,0.057145,120,124,1,1,1,1,1,0,0,1,Yes
0.000003,udp,-,INT,2,0,168,0,333333.3215,254,0,224000000,0,0,0,0.003,0,0,0,0,0,0,0,0,0,0,84,0,1,2,1,1,1,0,0,1,Yes
0.663844,tcp,-,FIN,10,8,564,354,25.608426,254,252,6121.92041,3735.817627,2,1,73.760444,87.52443,5551.275568,137.155687,255,702207080,139785921,255,0.104112,0.038465,0.065647,56,44,1,1,1,1,1,0,0,1,Yes
0.217312,tcp,http,FIN,10,6,1148,268,69.025183,254,252,38065.08594,8246.208008,2,1,24.145778,41.354801,1254.080455,61.817492,255,1345084615,3176772983,255,0.024186,0.009806,0.01438,115,45,1,1,1,1,1,0,0,1,Yes
7.629429,tcp,http,FIN,202,1294,9082,1747118,195.951758,62,252,9476.987305,1830562.25,2,645,37.957358,5.882331,1929.952965,745.606365,255,946376470,4123805385,255,0.052951,0.028738,0.024213,45,1350,1,1,1,1,1,0,0,1,Yes
0.502392,tcp,http,FIN,10,8,938,354,33.838119,254,252,13455.62891,4936.384277,2,1,53.853,62.081,3382.950901,125.017484,255,212558147,1344236237,255,0.10843,0.067821,0.040609,94,44,1,1,1,1,1,0,0,1,Yes
0.460161,tcp,http,FIN,12,20,908,18088,67.367726,62,252,14481.8877,298747.625,2,7,41.83282,21.012526,3014.90589,2285.089136,255,24379987,3237873338,255,0.096038,0.048439,0.047599,76,904,1,1,1,1,1,0,0,1,Yes
0.000009,udp,-,INT,2,0,168,0,111111.1072,254,0,74666664,0,0,0,0.009,0,0,0,0,0,0,0,0,0,0,84,0,3,2,1,1,1,0,0,1,Yes
1.244202,ospf,-,INT,28,0,3024,0,21.700656,254,0,18749.36719,0,0,0,46.081555,0,57.727293,0,0,0,0,0,0,0,0,108,0,1,2,1,1,1,0,0,1,Yes
1.244202,ospf,-,INT,28,0,3024,0,21.700656,254,0,18749.36719,0,0,0,46.081555,0,57.727293,0,0,0,0,0,0,0,0,108,0,1,2,1,1,1,0,0,1,Yes
1.244202,ospf,-,INT,28,0,3024,0,21.700656,254,0,18749.36719,0,0,0,46.081555,0,57.727293,0,0,0,0,0,0,0,0,108,0,1,2,1,1,1,0,0,1,Yes
1.244202,ospf,-,INT,28,0,3024,0,21.700656,254,0,18749.36719,0,0,0,46.081555,0,57.727293,0,0,0,0,0,0,0,0,108,0,1,2,1,1,1,0,0,1,Yes
1.244202,ospf,-,INT,28,0,3024,0,21.700656,254,0,18749.36719,0,0,0,46.081555,0,57.727293,0,0,0,0,0,0,0,0,108,0,1,2,1,1,1,0,0,1,Yes
0.289402,tcp,http,FIN,10,8,1134,1074,58.741818,254,252,28223.71484,25984.61523,2,2,32.155778,37.544145,1739.388491,71.479023,255,3606458423,514971185,255,0.076918,0.025907,0.051011,113,134,2,1,1,1,2,0,0,2,Yes
0.667368,tcp,-,FIN,10,8,564,354,25.473202,254,252,6089.59375,3716.09082,2,1,74.152,93.739141,5450.195183,136.591312,255,2781332383,4013544591,255,0.016439,0.010495,0.005944,56,44,1,1,1,1,1,0,0,1,Yes
0.209133,tcp,http,FIN,10,6,508,268,71.724692,254,252,17519.95117,8568.709961,2,1,21.766333,32.622801,1139.187144,51.108875,255,3869127034,1987960674,255,0.066589,0.046011,0.020578,51,45,12,1,2,1,12,0,0,12,Yes
0.197552,tcp,http,FIN,10,6,758,268,75.929377,254,252,27658.54102,9071.029297,2,1,20.485667,33.139398,1041.396323,50.775418,255,948977096,112926856,255,0.060979,0.031846,0.029133,76,45,12,1,4,1,12,0,0,12,Yes
0.000008,udp,-,INT,2,0,168,0,125000.0003,254,0,84000000,0,0,0,0.008,0,0,0,0,0,0,0,0,0,0,84,0,4,2,1,1,1,0,0,1,Yes
0.483004,tcp,http,FIN,10,8,566,354,35.196396,254,252,8447.134766,5134.533203,2,1,53.667111,58.820855,3414.740225,110.386664,255,2964286253,3984427726,255,0.117386,0.057477,0.059909,57,44,10,1,2,1,10,0,0,9,Yes
0.523646,tcp,-,FIN,10,6,674,268,28.645306,254,252,9273.44043,3422.15918,2,1,56.548667,91.055602,3256.640996,156.682875,255,2589843549,889491255,255,0.087022,0.06836,0.018662,67,45,7,1,1,1,7,0,0,7,Yes
2.032866,tcp,ftp,FIN,22,22,1186,1602,21.152403,62,252,4458.729492,6021.056152,7,9,96.803144,94.474999,4838.362529,5599.901392,255,3182323027,3647175709,255,0.087444,0.047985,0.039459,54,73,1,1,1,1,2,1,1,1,Yes
0.727527,tcp,ftp-data,FIN,8,8,364,1628,20.617791,62,252,3507.773438,15669.52148,1,2,103.784429,94.951859,6926.842878,177.307719,255,1613063914,4226155936,255,0.106917,0.062859,0.044058,46,204,1,1,1,1,2,0,0,1,Yes
0.000009,udp,-,INT,2,0,168,0,111111.1072,254,0,74666664,0,0,0,0.009,0,0,0,0,0,0,0,0,0,0,84,0,5,2,1,1,1,0,0,1,Yes
0.681871,tcp,-,FIN,20,8,17266,354,39.596933,254,252,192446.9531,3637.051514,7,1,33.942421,88.76143,2745.442647,108.610156,255,894453596,631719121,255,0.179623,0.060533,0.11909,863,44,7,1,2,1,6,0,0,6,Yes
0.566928,tcp,-,FIN,10,6,490,268,26.458385,254,252,6223.012207,3160.89502,2,1,61.171222,91.168203,3197.205408,141.913062,255,2164953844,3754353766,255,0.187663,0.111084,0.076579,49,45,7,1,1,1,6,0,0,6,Yes
0.833854,tcp,-,FIN,10,8,738,354,20.387262,254,252,6380.013672,2974.141602,2,1,88.893111,107.523,4899.931215,219.430766,255,2847876758,3176499143,255,0.201948,0.081185,0.120763,74,44,3,1,2,1,3,0,0,3,Yes
0.766293,tcp,-,FIN,10,6,1506,268,19.574758,254,252,14156.46484,2338.531006,2,1,77.807333,141.455203,4551.385383,223.827219,255,21155452,2121765072,255,0.097646,0.059008,0.038638,151,45,3,1,1,1,3,0,0,3,Yes
0.583476,tcp,-,FIN,10,6,1098,268,25.707998,254,252,13560.11231,3071.248779,2,1,60.923778,101.297398,3075.446986,138.131156,255,422840241,2269944729,255,0.11848,0.076982,0.041498,110,45,1,1,1,1,1,0,0,4,Yes
0.625871,tcp,-,FIN,12,6,3984,268,27.162147,254,252,46680.54688,2863.209717,3,1,51.98709,112.379,0,174.931125,255,887016526,3679540910,255,0.17778,0.063971,0.113809,332,45,4,1,1,1,1,0,0,1,Yes
1.173262,tcp,-,FIN,16,12,2080,1746,23.012763,254,252,13296.2627,10916.57324,5,4,78.21747,100.93018,3940.719692,122.909242,255,2090124388,4091386222,255,0.176776,0.06238,0.114396,130,146,1,1,1,1,1,0,0,1,Yes
0.451172,tcp,-,FIN,10,6,490,268,33.246744,254,252,7819.634277,3971.877686,2,1,50.120556,72.898602,2478.602593,111.996453,255,1226743990,1458274772,255,0.141762,0.086672,0.05509,49,45,3,1,2,1,3,0,0,3,Yes
0.877186,tcp,-,FIN,10,8,564,354,19.380154,254,252,4632.99707,2827.222412,2,1,92.579444,116.24357,6044.314746,161.644531,255,4075039038,2745617955,255,0.112582,0.063473,0.049109,56,44,1,1,1,1,1,0,0,2,Yes
0.694908,tcp,-,FIN,10,8,546,354,24.463669,254,252,5664.059082,3568.817627,2,1,74.593667,91.030711,5456.467953,129.041281,255,149432727,1119728438,255,0.109665,0.057685,0.05198,55,44,9,1,1,1,6,0,0,6,Yes
0.534477,tcp,-,FIN,10,8,546,354,31.806795,254,252,7364.208496,4640.049805,2,1,57.001667,69.694859,3730.599306,113.067641,255,2006752785,3408677428,255,0.106518,0.046605,0.059913,55,44,7,1,1,1,7,0,0,7,Yes
0.322297,tcp,-,FIN,10,6,546,268,46.540922,254,252,12212.33789,5560.088867,2,1,32.686444,56.491199,1747.044154,85.463906,255,949471373,3519959151,255,0.090418,0.039832,0.050586,55,45,7,1,2,1,7,0,0,7,Yes
0.688948,tcp,http,FIN,10,10,908,2000,27.57828,62,252,9498.540039,20901.43359,2,2,76.549778,69.235109,5070.32997,112.85018,255,3020503365,2118146627,255,0.129972,0.047353,0.082619,91,200,1,1,1,1,1,0,0,1,Yes
0.537852,tcp,-,FIN,10,8,484,354,31.607209,254,252,6485.055664,4610.934082,2,1,58.292333,67.185289,3929.782635,107.443609,255,3586533202,861927512,255,0.121835,0.067548,0.054287,48,44,5,1,2,1,5,0,0,4,Yes
0.772218,tcp,http,FIN,10,10,808,1238,24.604451,62,252,7541.911621,11551.14258,2,2,85.802,77.458664,6125.042357,162.067969,255,2063912232,2334441775,255,0.107828,0.051706,0.056122,81,124,2,1,1,1,2,0,0,3,Yes
0.432617,tcp,http,FIN,10,8,968,354,39.295727,254,252,16125.11719,5732.553223,2,1,45.916333,54.563145,3158.114218,106.542766,255,1551550120,779429310,255,0.10114,0.050666,0.050474,97,44,1,1,1,1,1,0,0,1,Yes
0.249214,tcp,http,FIN,10,8,848,986,68.214468,62,252,24525.10742,27703.09961,2,2,27.690444,32.990285,1463.810856,57.058832,255,2108875204,4167817686,255,0.061495,0.009477,0.052018,85,123,2,1,2,1,2,0,0,2,Yes
0.647249,tcp,-,FIN,10,8,564,354,26.265008,254,252,6278.881836,3831.601318,2,1,70.543222,91.185859,5494.051724,139.402437,255,894345948,3828643797,255,0.057112,0.008939,0.048173,56,44,1,1,1,1,1,0,0,1,Yes
0.190223,tcp,http,FIN,10,6,902,268,78.85482,254,252,34149.39453,9420.522461,2,1,19.493111,36.374199,1035.969762,61.652242,255,1216905574,2430237932,255,0.0542,0.008343,0.045857,90,45,1,1,1,1,1,0,0,1,Yes
0.894891,tcp,smtp,FIN,20,20,3178,1784,43.580725,62,252,26997.70117,15152.68262,7,8,47.099528,46.271,2223.784116,51.086562,255,2200114777,3402592518,255,0.062427,0.01498,0.047447,159,89,1,1,1,1,1,0,0,1,Yes
0.998863,tcp,pop3,FIN,20,24,948,9872,43.048947,62,252,7216.205078,75774.15625,7,10,52.571738,41.46165,2778.532203,2506.784107,255,43493637,2610778474,255,0.115983,0.044489,0.071494,47,411,1,1,1,1,1,0,0,1,Yes
0.282722,tcp,http,FIN,10,8,844,1094,60.12974,62,252,21505.22461,27107.90234,2,2,31.413556,36.054,1568.944812,59.033086,255,2348252448,2152782635,255,0.052429,0.007554,0.044875,84,137,2,1,2,1,2,0,0,2,Yes
9.95755,tcp,pop3,FIN,246,1554,10662,2055289,180.66693,62,252,8531.416016,1650178.625,7,775,40.64306,6.410746,2217.616259,868.071675,255,2055688489,4288220471,255,0.059617,0.013861,0.045756,43,1323,1,1,1,1,1,0,0,1,Yes
1.232252,tcp,pop3,FIN,20,20,950,2266,31.64937,62,252,5862.437012,13977.66016,7,8,64.855367,61.430262,3167.501337,71.707625,255,1661865435,99458549,255,0.104512,0.041314,0.063198,48,113,2,1,2,1,1,0,0,1,Yes
0.305854,tcp,http,FIN,10,6,1582,268,49.043009,254,252,37246.53125,5859.004883,2,1,29.005111,51.277,1425.977439,66.626336,255,1343525938,3038257943,255,0.072706,0.049463,0.023243,158,45,1,1,1,1,2,0,0,1,Yes
0.845421,tcp,ftp,FIN,16,8,9684,406,27.20538,254,252,85912.22656,3368.73584,5,2,56.361397,113.16643,4507.121099,178.680672,255,2517203169,2462565848,255,0.100456,0.036372,0.064084,605,51,1,1,1,1,2,0,0,1,Yes
0.379788,tcp,-,FIN,10,6,1294,268,39.495717,254,252,24540.00586,4718.421875,2,1,40.469444,65.511801,2035.385625,95.774516,255,446281895,1861106145,255,0.100401,0.052219,0.048182,129,45,5,1,1,1,5,0,0,5,Yes
0.588943,tcp,-,FIN,10,6,2062,268,25.469358,254,252,25211.26758,3042.739258,2,1,61.491,101.815,3474.005637,157.922266,255,972193884,4248364235,255,0.170423,0.079865,0.090558,206,45,5,1,2,1,5,0,0,5,Yes
0.596682,tcp,-,FIN,12,6,3678,268,28.490887,254,252,45210.01172,3003.274658,3,1,51.066272,94.171398,2996.441585,146.834391,255,1230144701,2135677117,255,0.233481,0.125815,0.107666,307,45,5,1,2,1,5,0,0,5,Yes
0.725222,tcp,-,FIN,10,8,550,354,23.441098,254,252,5460.396973,3419.642578,2,1,76.432111,92.596,4164.024141,171.151797,255,756458129,1149536180,255,0.181819,0.077047,0.104772,55,44,3,1,1,1,3,0,0,3,Yes
0.00001,udp,-,INT,2,0,168,0,100000.0025,254,0,67200000,0,0,0,0.01,0,0,0,0,0,0,0,0,0,0,84,0,5,2,1,1,1,0,0,1,Yes
0.740256,tcp,http,FIN,10,6,774,268,20.26326,254,252,7532.529297,2420.78418,2,1,82.119889,131.486797,4343.607744,203.247094,255,1847217899,1343658594,255,0.154707,0.082811,0.071896,77,45,1,1,1,1,1,0,0,1,Yes
1.189909,tcp,-,FIN,10,8,718,354,14.286807,254,252,4349.912598,2084.193115,2,1,124.082889,156.742578,7045.530993,252.233594,255,1875092270,2979850829,255,0.194236,0.092702,0.101534,72,44,3,1,1,1,3,0,0,5,Yes
0.810054,tcp,-,FIN,10,8,1716,354,20.986255,254,252,15258.24219,3061.52417,2,1,87.289222,98.376141,5420.143092,150.344531,255,3031716204,2219296948,255,0.235306,0.121418,0.113888,172,44,6,1,1,1,5,0,0,5,Yes
0.860513,tcp,-,FIN,12,6,3678,268,19.755658,254,252,31348.74219,2082.47876,3,1,76.312729,151.394797,4647.415399,246.086297,255,3552807124,195896751,255,0.161295,0.103532,0.057763,307,45,4,1,1,1,3,0,0,3,Yes
1.1899,tcp,http,FIN,12,10,1326,3294,17.648541,62,252,8175.476562,19934.44727,3,3,108.172726,123.631664,5431.634445,188.441078,255,2360436159,2374207485,255,0.176547,0.076228,0.100319,111,329,2,1,1,1,4,0,0,2,Yes
0.721047,tcp,-,FIN,10,6,2484,268,20.803083,254,252,24808.36914,2485.274902,2,1,80.116333,93.374398,3876.50671,149.212516,255,3941728817,809922470,255,0.242878,0.181181,0.061697,248,45,6,1,1,1,5,0,0,5,Yes
0.801919,tcp,-,FIN,14,8,6830,354,26.187184,254,252,63278.21094,3092.581787,4,1,61.686078,96.998,3905.252043,199.857828,255,36109589,1085354634,255,0.205898,0.122277,0.083621,488,44,4,1,1,1,3,0,0,3,Yes
0.407476,tcp,http,FIN,10,6,780,268,36.811983,254,252,13782.40625,4397.805176,2,1,45.184444,71.706602,2284.19162,108.168641,255,2232729964,2184754395,255,0.11405,0.048911,0.065139,78,45,1,1,1,1,1,0,0,1,Yes
0.456038,tcp,-,FIN,10,6,550,268,32.891996,254,252,8683.487305,3929.49707,2,1,56.897251,66.885797,2774.308748,102.10993,255,4266331438,1499648008,255,0.162386,0.1216,0.040786,55,45,6,1,1,1,6,0,0,7,Yes
0.69726,tcp,-,FIN,10,6,1294,268,21.512778,254,252,13366.60645,2570.059814,2,1,71.402444,123.216797,3967.154229,185.008125,255,828937626,197746881,255,0.162913,0.081167,0.081746,129,45,5,1,1,1,5,0,0,5,Yes
1.155184,tcp,-,FIN,10,8,564,354,14.71627,254,252,3518.054199,2146.843994,2,1,123.749556,153.528422,8865.517908,220.230312,255,4134405368,3771382557,255,0.151956,0.080481,0.071475,56,44,1,1,1,1,1,0,0,1,Yes
0.823709,tcp,http,FIN,12,28,914,29346,47.346817,62,252,8138.796387,274834.9063,2,11,74.882636,28.308852,5161.273419,3164.931511,255,3770212799,282351333,255,0.141144,0.058747,0.082397,76,1048,2,1,1,1,1,0,0,1,Yes
1.094653,tcp,http,FIN,10,10,824,2216,17.357098,62,252,5422.723145,14579.96289,2,2,121.538111,107.763336,7551.945352,157.835484,255,4131395848,1054912688,255,0.246033,0.124782,0.121251,82,222,1,1,1,1,1,0,0,1,Yes
0.860687,tcp,-,FIN,12,8,992,716,22.075388,254,252,8458.359375,5827.902344,3,2,74.362366,107.949859,3747.29076,144.87725,255,2449718802,2488416045,255,0.201758,0.105034,0.096724,83,90,7,1,2,2,3,0,0,3,Yes
44.22596,tcp,-,FIN,34,22,18872,1718,1.243613,254,252,3313.348145,296.658356,31,4,1337.902395,2102.1795,218117.9203,8414.999,255,2841999187,846254788,255,0.165615,0.080174,0.085441,555,78,6,1,3,3,4,0,0,4,Yes
1.004763,tcp,-,FIN,12,8,1092,766,18.909932,254,252,7970.038574,5342.553223,3,2,87.983997,124.173,4557.447557,167.271187,255,3779247937,2309105915,255,0.267796,0.135546,0.13225,91,96,3,1,1,1,1,0,0,1,Yes
1.393967,tcp,-,FIN,12,10,1164,842,15.064919,254,252,6123.530762,4350.174805,3,2,123.169369,140.056437,7697.372542,187.665875,255,3034287580,3535196697,255,0.267957,0.13345,0.134507,97,84,3,1,2,2,3,0,0,3,Yes
1.31628,tcp,http,FIN,12,10,1314,1774,15.954052,62,252,7323.669922,9706.141602,3,2,119.661824,135.519672,7326.926789,199.297734,255,737230307,602155309,255,0.171971,0.095961,0.07601,110,177,1,1,1,1,1,0,0,1,Yes
1.392847,tcp,-,FIN,12,10,1084,820,15.077033,254,252,5709.169922,4238.800293,3,2,126.622452,145.992562,7018.066572,264.986469,255,400202663,216341289,255,0.122739,0.078245,0.044494,90,82,5,1,2,2,3,0,0,3,Yes
2.838932,tcp,pop3,FIN,26,64,1222,63172,31.349817,62,252,3311.104248,175234.9063,7,30,113.551523,43.740096,6166.70459,3738.317491,255,724680820,4013307900,255,0.151464,0.083303,0.068161,47,987,1,1,1,1,2,0,0,1,Yes
5.293481,tcp,smtp,FIN,224,52,286548,3166,51.950693,62,252,431125,4694.075684,109,8,23.733184,102.449,2708.043724,134.368906,255,2243124043,3666733090,255,0.142381,0.068572,0.073809,1279,61,1,1,1,1,1,0,0,1,Yes
0.837254,tcp,-,FIN,12,8,1080,734,22.693233,254,252,9459.495117,6143.894531,3,2,72.310179,106.161711,3835.211371,137.257,255,3274791,2351542782,255,0.19769,0.094113,0.103577,90,92,3,1,1,1,3,0,0,3,Yes
1.46353,tcp,-,FIN,12,10,1232,830,14.348869,254,252,6176.84668,4083.27832,3,2,128.066182,152.660672,6890.648901,267.240969,255,2203081810,2099132753,255,0.224843,0.089581,0.135262,103,83,4,1,1,1,2,0,0,2,Yes
1.843741,tcp,http,FIN,10,12,836,5624,11.389886,62,252,3267.27002,22371.9043,2,3,204.796,157.358727,13740.89271,9563.599221,255,1748565987,1068373560,255,0.209077,0.112794,0.096283,84,469,1,1,1,1,1,0,0,1,Yes
1.438237,tcp,http,FIN,10,10,958,2726,13.210619,62,252,4800.321777,13650.0459,2,2,159.804111,152.291438,10857.72385,205.263688,255,750893150,797708189,255,0.141729,0.066968,0.074761,96,273,2,1,1,1,1,0,0,1,Yes
1.263457,tcp,-,FIN,12,8,1174,730,15.038106,254,252,6819.385742,4046.042236,3,2,114.859729,149.085281,5731.01286,209.951109,255,1436448839,3533739176,255,0.301089,0.219112,0.081977,98,91,3,1,1,1,2,0,0,2,Yes
1.465404,tcp,http,FIN,10,10,800,1018,12.965707,62,252,3930.656494,5006.12793,2,2,162.822667,151.279328,10706.08605,215.94,255,3499888983,2363001486,255,0.252379,0.103293,0.149086,80,102,2,1,1,1,1,0,0,1,Yes
1.722713,tcp,-,FIN,12,10,988,808,12.190075,254,252,4207.317383,3380.714111,3,2,154.066543,175.827219,9183.650236,290.622781,255,722842760,3470717237,255,0.33589,0.140259,0.195631,82,81,4,1,1,1,2,0,0,2,Yes
2.337648,tcp,-,FIN,12,10,1228,796,8.983389,254,252,3853.446045,2453.748535,3,2,207.609821,238.599562,11629.9491,380.660312,255,2318234351,1174177262,255,0.391476,0.190251,0.201225,102,80,4,1,1,1,2,0,0,2,Yes
3.429712,tcp,smtp,FIN,38,22,30764,1764,17.20261,62,252,69871.75781,3928.026611,16,8,92.694916,159.329766,6891.450006,227.798391,255,3004181543,1012253097,255,0.161565,0.082785,0.07878,810,80,1,1,1,1,1,0,0,1,Yes
2.360055,tcp,smtp,FIN,38,22,28162,1772,24.999418,62,252,92950.375,5735.459473,16,8,63.757489,108.620812,4592.780224,151.330719,255,3980532899,1823431203,255,0.167226,0.079015,0.088211,741,81,1,1,1,1,1,0,0,1,Yes
0.844596,tcp,-,FIN,12,8,1014,740,22.495962,254,252,8808.945312,6137.845703,2,2,6100.475164,9150.803,660910.5554,23919.006,255,3034287901,3535196902,255,0.267957,0.13345,0.134507,85,93,3,1,1,1,2,0,0,2,Yes
1.102556,tcp,-,FIN,12,10,1110,820,19.046652,254,252,7386.473145,5354.830078,3,2,100.052453,111.128336,5566.991932,171.932078,255,1856071748,3678882201,255,0.192385,0.102393,0.089992,93,82,2,1,1,1,2,0,0,2,Yes
1.141352,tcp,-,FIN,12,10,1018,840,18.399231,254,252,6546.621582,5298.978516,3,2,103.746276,116.553891,5690.86455,185.638297,255,457431626,2457741076,255,0.165505,0.092365,0.07314,85,84,5,1,2,1,3,0,0,4,Yes
1.067207,tcp,-,FIN,12,8,1110,776,17.803482,254,252,7631.134277,5089.921875,3,2,92.204997,139.040281,5077.536987,189.426984,255,3624865411,822692250,255,0.147658,0.093918,0.05374,93,97,5,1,1,1,4,0,0,4,Yes
2.716886,tcp,-,FIN,12,8,1042,696,6.9933,254,252,2814.987305,1793.22937,4,2,4686.442656,7032.1855,489690.6958,17622.054,255,2841999482,1672501128,255,0.165615,0.080174,0.085441,87,87,7,1,3,3,4,0,0,4,Yes
1.943965,tcp,-,FIN,36,14,34710,1022,25.206216,254,252,138874.9375,3905.420166,15,2,55.516002,138.252531,5642.882192,207.381875,255,113624301,3369636578,255,0.298134,0.146677,0.151457,964,73,2,1,1,1,1,0,0,1,Yes
1.834468,tcp,http,FIN,10,12,818,4788,11.44746,62,252,3214.010742,19140.1543,2,3,203.733889,159.341187,13943.57699,10330.40749,255,2089509210,3077976052,255,0.160041,0.081714,0.078327,82,399,1,1,1,1,1,0,0,1,Yes
1.468132,tcp,http,FIN,10,10,830,1856,12.941615,62,252,4070.478516,9105.448242,2,2,163.125778,141.494328,8862.170967,311.424656,255,4114486629,3148076717,255,0.308934,0.193964,0.11497,83,186,1,1,1,1,1,0,0,1,Yes
1.616972,tcp,-,FIN,14,10,1196,820,14.224118,254,252,5496.693848,3651.269287,3,2,122.324774,164.123109,8771.613987,209.267781,255,2775057652,2701779795,255,0.19598,0.139863,0.056117,85,82,3,1,1,1,3,0,0,3,Yes
1.916194,tcp,-,FIN,12,10,3030,844,10.959225,254,252,11597.99121,3172.956543,3,2,174.199455,196.236781,9364.609304,314.430656,255,567835189,3450490034,255,0.234494,0.149328,0.085166,253,84,3,1,2,2,2,0,0,2,Yes
2.119298,tcp,ftp,FIN,14,12,698,682,11.796359,254,252,2449.86792,2363.046631,4,4,156.232851,182.349547,8393.567996,211.306219,255,4062009954,797984780,255,0.179848,0.113446,0.066402,50,57,1,1,1,1,1,0,0,1,Yes
2.22194,tcp,ftp,FIN,14,12,700,682,11.251429,254,252,2340.297119,2253.88623,4,4,161.935764,190.023906,8703.944426,227.843938,255,4281885798,119897012,255,0.269414,0.131676,0.137738,50,57,2,1,1,1,2,0,0,2,Yes
2.420967,tcp,-,FIN,12,10,1106,814,8.674219,254,252,3350.727051,2422.172607,3,2,213.338634,259.707781,13423.93219,359.838312,255,3987021198,1271729594,255,0.146048,0.083595,0.062453,92,81,2,1,1,1,2,0,0,2,Yes
2.663656,tcp,ftp,FIN,14,12,698,682,9.385596,254,252,1949.200684,1880.122681,4,4,201.579082,237.960453,13269.15922,357.423844,255,3423091652,1264921832,255,0.107339,0.046083,0.061256,50,57,2,1,1,1,2,0,0,2,Yes
1.905333,tcp,http,FIN,10,8,936,354,8.922325,254,252,3539.538574,1301.609741,2,1,211.703667,254.970859,11862.44416,383.0885,255,1171463392,4098359544,255,0.237883,0.120464,0.117419,94,44,1,1,1,1,1,0,0,1,Yes
2.141633,tcp,-,FIN,12,10,3026,792,9.805601,254,252,10362.18652,2663.388184,3,2,194.638273,222.069437,13126.89504,314.952719,255,3739081673,2441385231,255,0.277098,0.143007,0.134091,252,79,2,1,1,1,2,0,0,3,Yes
28.213135,ospf,-,INT,20,0,1280,0,0.673445,254,0,344.803925,0,0,0,1484.90175,0,1831.332375,0,0,0,0,0,0,0,0,64,0,1,2,1,1,1,0,0,1,Yes
28.213135,ospf,-,INT,20,0,1280,0,0.673445,254,0,344.803925,0,0,0,1484.90175,0,1831.332375,0,0,0,0,0,0,0,0,64,0,1,2,1,1,1,0,0,1,Yes
28.213135,ospf,-,INT,20,0,1280,0,0.673445,254,0,344.803925,0,0,0,1484.90175,0,1831.332375,0,0,0,0,0,0,0,0,64,0,1,2,1,1,1,0,0,1,Yes
28.213135,ospf,-,INT,20,0,1280,0,0.673445,254,0,344.803925,0,0,0,1484.90175,0,1831.332375,0,0,0,0,0,0,0,0,64,0,1,2,1,1,1,0,0,1,Yes
28.213135,ospf,-,INT,20,0,1280,0,0.673445,254,0,344.803925,0,0,0,1484.90175,0,1831.332375,0,0,0,0,0,0,0,0,64,0,1,2,1,1,1,0,0,1,Yes
28.213135,ospf,-,INT,20,0,1280,0,0.673445,254,0,344.803925,0,0,0,1484.90175,0,1831.332375,0,0,0,0,0,0,0,0,64,0,1,2,1,1,1,0,0,1,Yes
0.803314,tcp,smtp,FIN,48,24,41302,2104,88.383873,62,252,402751.625,20086.79102,21,8,17.091787,34.078086,1234.990701,43.185934,255,1553329816,3565121951,255,0.05179,0.007336,0.044454,860,88,1,1,1,1,1,0,0,1,Yes
0.678469,tcp,-,FIN,10,8,564,354,25.056414,254,252,5989.956543,3655.288574,2,1,74.881778,91.62557,5786.693583,139.418688,255,1382330244,3605108158,255,0.08266,0.037078,0.045582,56,44,2,1,1,1,1,0,0,1,Yes
1.313131,tcp,ftp,FIN,22,22,1186,1668,32.746162,62,252,6902.586426,9705.048828,7,9,62.530048,61.898048,3280.636679,3990.112966,255,1433008002,2745761692,255,0.053878,0.007855,0.046023,54,76,1,1,1,1,2,1,1,1,Yes
0.000015,udp,-,INT,2,0,168,0,66666.66835,254,0,44800000,0,0,0,0.015,0,0,0,0,0,0,0,0,0,0,84,0,2,2,1,1,1,0,0,2,Yes
0.624286,tcp,-,FIN,10,8,564,354,27.231109,254,252,6509.836914,3972.53833,2,1,69.365111,87.691859,5393.989068,138.796703,255,2374783758,1800219437,255,0.050403,0.00597,0.044433,56,44,1,1,1,1,1,0,0,2,Yes
1.265907,tcp,smtp,FIN,150,38,172977,2638,147.720166,62,252,1085855.375,16234.99902,72,8,8.49602,32.512217,826.619637,38.104512,255,1072643731,4213121977,255,0.062571,0.046396,0.016175,1153,69,1,1,1,1,1,0,0,1,Yes
0.000003,sctp,-,INT,2,0,776,0,333333.3215,254,0,1034666624,0,0,0,0.003,0,0,0,0,0,0,0,0,0,0,388,0,1,2,1,1,1,0,0,1,Yes
0.000003,sctp,-,INT,2,0,776,0,333333.3215,254,0,1034666624,0,0,0,0.003,0,0,0,0,0,0,0,0,0,0,388,0,1,2,1,1,1,0,0,1,Yes
0.000003,sctp,-,INT,2,0,776,0,333333.3215,254,0,1034666624,0,0,0,0.003,0,0,0,0,0,0,0,0,0,0,388,0,1,2,1,1,1,0,0,1,Yes
0.000003,sctp,-,INT,2,0,776,0,333333.3215,254,0,1034666624,0,0,0,0.003,0,0,0,0,0,0,0,0,0,0,388,0,1,2,1,1,1,0,0,1,Yes
0.000003,udp,-,INT,2,0,168,0,333333.3215,254,0,224000000,0,0,0,0.003,0,0,0,0,0,0,0,0,0,0,84,0,1,2,1,1,1,0,0,1,Yes
0.466699,ospf,-,INT,18,0,2858,0,36.426047,254,0,46282.50781,0,0,0,27.452883,0,32.106723,0,0,0,0,0,0,0,0,159,0,1,2,1,1,1,0,0,1,Yes
0.466699,ospf,-,INT,18,0,2858,0,36.426047,254,0,46282.50781,0,0,0,27.452883,0,32.106723,0,0,0,0,0,0,0,0,159,0,1,2,1,1,1,0,0,1,Yes
0.466699,ospf,-,INT,18,0,2858,0,36.426047,254,0,46282.50781,0,0,0,27.452883,0,32.106723,0,0,0,0,0,0,0,0,159,0,1,2,1,1,1,0,0,1,Yes
0.000007,udp,-,INT,2,0,168,0,142857.1409,254,0,96000000,0,0,0,0.007,0,0,0,0,0,0,0,0,0,0,84,0,2,2,1,1,1,0,0,1,Yes
0.180252,tcp,http,FIN,10,6,974,268,83.216829,254,252,38923.28516,9941.637695,2,1,20.028,33.628398,1037.535373,64.570527,255,2069004396,2523737598,255,0.051015,0.006627,0.044388,97,45,1,1,1,1,1,0,0,2,Yes
0.264132,tcp,http,FIN,10,10,748,4208,71.933732,62,252,20414.03516,114730.5156,2,2,29.348,28.419224,1409.30225,1901.023327,255,3886599047,1954191115,255,0.053529,0.007573,0.045956,75,421,3,1,1,1,1,0,0,1,Yes
0.000004,udp,-,INT,2,0,2150,0,250000.0006,254,0,2150000128,0,0,0,0.004,0,0,0,0,0,0,0,0,0,0,1075,0,37,2,10,1,37,0,0,37,Yes
0.00001,udp,-,INT,2,0,1970,0,100000.0025,254,0,788000000,0,0,0,0.01,0,0,0,0,0,0,0,0,0,0,985,0,37,2,10,1,37,0,0,37,Yes
0.00001,udp,-,INT,2,0,1850,0,100000.0025,254,0,740000000,0,0,0,0.01,0,0,0,0,0,0,0,0,0,0,925,0,39,2,14,1,39,0,0,39,Yes
0.000008,udp,-,INT,2,0,754,0,125000.0003,254,0,377000000,0,0,0,0.008,0,0,0,0,0,0,0,0,0,0,377,0,39,2,14,1,39,0,0,39,Yes
0.000009,udp,-,INT,2,0,1406,0,111111.1072,254,0,624888896,0,0,0,0.009,0,0,0,0,0,0,0,0,0,0,703,0,39,2,14,1,39,0,0,39,Yes
0.201833,tcp,http,FIN,10,6,1308,268,74.318869,254,252,46692.07031,8878.62793,2,1,20.555,37.485,1029.959401,56.74282,255,2213049113,3720986296,255,0.059694,0.014399,0.045295,131,45,1,1,1,1,1,0,0,2,Yes
0.000006,udp,-,INT,2,0,756,0,166666.6608,254,0,503999968,0,0,0,0.006,0,0,0,0,0,0,0,0,0,0,378,0,39,2,15,1,39,0,0,39,Yes
0.00001,udp,-,INT,2,0,1768,0,100000.0025,254,0,707200000,0,0,0,0.01,0,0,0,0,0,0,0,0,0,0,884,0,39,2,15,1,39,0,0,39,Yes
0.611251,tcp,-,FIN,22,50,1172,48278,116.15523,62,252,14645.375,619228.4375,6,23,29.10719,11.885367,1494.057221,963.74767,255,1505806048,263078687,255,0.054673,0.022059,0.032614,53,966,1,1,1,1,1,0,0,1,Yes
1.151317,tcp,ftp,FIN,22,22,1190,1652,37.348532,62,252,7893.568848,10957.88574,7,9,54.824618,53.900667,3064.999638,3657.859368,255,2727687527,2131410753,255,0.053657,0.008092,0.045565,54,75,1,1,1,1,2,1,1,1,Yes
0.34468,tcp,http,FIN,12,10,1284,2074,60.926074,62,252,27318.0918,43332.94531,3,3,31.334545,36.536891,1587.947651,53.000266,255,396696120,986523889,255,0.050771,0.006186,0.044585,107,207,1,1,1,1,1,0,0,1,Yes
0.185405,tcp,-,FIN,10,6,512,268,80.903967,254,252,19891.58789,9665.327148,2,1,19.631667,32.191199,1045.580342,51.672477,255,325421294,3457409359,255,0.050183,0.02444,0.025743,51,45,2,1,1,1,1,0,0,1,Yes
0.644655,tcp,-,FIN,20,38,1104,31168,88.419389,62,252,13017.81641,376610.75,6,17,33.929211,16.734648,1726.833536,1259.754287,255,3645683182,4153522134,255,0.043127,0.024774,0.018353,55,820,1,1,1,1,1,0,0,1,Yes
1.225539,tcp,-,FIN,28,26,3926,3392,43.246279,254,252,24714.02344,21293.48828,11,11,45.390334,48.41932,2113.687864,53.477102,255,541635079,4017054303,255,0.059982,0.014034,0.045948,140,130,1,1,1,1,1,0,0,1,Yes
0.201967,tcp,http,FIN,12,6,4708,268,84.172166,254,252,170958.625,8872.736328,3,1,15.505545,38.959,907.923915,60.150297,255,4191333565,1769644227,255,0.053141,0.007165,0.045976,392,45,1,1,1,1,1,0,0,1,Yes
0.165417,tcp,http,FIN,12,6,3818,268,102.770573,254,252,169269.1719,10833.22754,3,1,15.037909,27.159199,855.047811,49.642379,255,1303353232,1398302577,255,0.06114,0.012885,0.048255,318,45,1,1,1,1,1,0,0,1,Yes
0.414536,tcp,-,FIN,10,8,1204,354,41.009707,254,252,20919.77539,5982.592773,2,1,44.987,50.500145,3145.425911,104.646344,255,3819380545,2889486221,255,0.109601,0.061026,0.048575,120,44,8,1,2,1,8,0,0,8,Yes
0.419779,tcp,-,FIN,10,8,1332,354,40.4975,254,252,22850.11914,5907.870605,2,1,45.307222,54.67057,3141.762748,111.775383,255,2494148718,3376470045,255,0.097036,0.037076,0.05996,133,44,10,1,2,1,11,0,0,10,Yes
0.252441,tcp,-,FIN,10,6,1844,268,59.419827,254,252,52606.35547,7098.688477,2,1,26.244333,39.337801,1373.91835,59.19782,255,3286043099,1368625476,255,0.09512,0.055749,0.039371,184,45,10,1,1,1,11,0,0,10,Yes
7.312841,ospf,-,INT,40,0,10880,0,5.333085,254,0,11604.79199,0,0,0,187.50875,0,215.203906,0,0,0,0,0,0,0,0,272,0,1,2,1,1,1,0,0,1,Yes
0.186136,tcp,http,FIN,10,12,816,6574,112.820729,62,252,31589.80469,259036.3906,2,4,20.681778,15.939636,1082.096022,1495.310915,255,2807725629,1492683247,255,0.05382,0.006817,0.047003,82,548,1,1,1,1,1,0,0,1,Yes
0.246582,tcp,-,FIN,16,8,6924,812,93.275259,254,252,210623.6406,23067.37695,5,2,15.317467,33.48643,1035.06763,51.083844,255,1635565997,2209334566,255,0.058698,0.01217,0.046528,433,102,1,1,1,1,1,0,0,1,Yes
0.188998,tcp,http,FIN,10,6,854,268,79.36592,254,252,32550.60938,9481.582031,2,1,19.176,36.523801,1028.159761,61.636449,255,3158290523,3962639570,255,0.063293,0.006362,0.056931,85,45,1,1,1,1,1,0,0,1,Yes
0.198691,tcp,http,FIN,10,6,918,268,75.494111,254,252,33297.9375,9019.029297,2,1,20.530889,38.344199,1040.831903,61.173434,255,940626502,3460499259,255,0.053072,0.006967,0.046105,92,45,1,1,1,1,1,0,0,1,Yes
4.490101,udp,dns,INT,116,0,17078,0,25.611897,254,0,30165.91406,0,0,0,39.044355,0,53.99923,0,0,0,0,0,0,0,0,147,0,2,2,2,2,2,0,0,2,Yes
43.982441,tcp,-,FIN,28,28,1568,1528,1.250499,254,252,275.018829,268.106995,16,10,1628.979295,1626.471125,258304.9003,8014.3895,255,4222814469,2282107141,255,0.094898,0.048388,0.04651,56,55,4,1,2,2,4,0,0,4,Yes
0.568472,tcp,smtp,FIN,18,16,2512,1386,58.05035,254,252,33394.78125,18294.65625,6,6,33.386765,36.095199,1656.963798,42.704598,255,4061604134,1954606782,255,0.054905,0.027036,0.027869,140,87,1,1,1,1,1,0,0,1,Yes
0.535636,tcp,-,FIN,12,10,1256,1288,39.205729,254,252,17205.71484,17325.19727,3,3,44.371999,54.706891,2423.439261,69.185531,255,1898604876,1514609969,255,0.072738,0.043266,0.029472,105,129,6,1,1,1,2,0,0,1,Yes
0.793553,tcp,-,FIN,16,10,906,556,31.503882,254,252,8569.055664,5050.702148,5,3,50.035199,80.547664,2480.293375,94.568094,255,165382503,3332570827,255,0.102206,0.068615,0.033591,57,56,5,1,1,1,5,0,0,5,Yes
0.905874,tcp,-,FIN,16,12,904,642,29.805469,254,252,7488.899902,5201.606445,5,3,58.588333,75.297633,3988.949962,102.384992,255,1737780158,614709883,255,0.120151,0.077597,0.042554,57,54,5,1,1,1,5,0,0,5,Yes
0.628707,tcp,http,FIN,10,10,964,3708,30.220755,62,252,11044.89063,42474.47656,2,3,69.856333,57.513333,3985.420742,3627.239453,255,2318751353,4156684638,255,0.15658,0.066051,0.090529,96,371,4,1,2,1,2,0,0,2,Yes
0.954264,tcp,-,FIN,14,12,782,678,26.198201,254,252,6094.749512,5214.490234,4,4,73.404921,78.133906,4259.008478,115.617203,255,1899886519,2614671564,255,0.125953,0.065855,0.060098,56,57,3,1,1,1,3,0,0,3,Yes
1.335126,tcp,-,FIN,16,14,904,728,21.720796,254,252,5081.167969,4050.553955,5,3,88.999398,97.095695,4674.244929,168.342156,255,728410861,2602928209,255,0.137927,0.072879,0.065048,57,52,4,1,1,1,4,0,0,4,Yes
0.417471,tcp,http,FIN,10,8,786,826,40.721392,62,252,13567.41016,13854.85449,2,2,46.284778,54.81557,2461.395282,76.150773,255,2120189938,2827257507,255,0.097739,0.033761,0.063978,79,103,1,1,1,1,1,0,0,1,Yes
0.328615,tcp,http,FIN,10,10,888,3780,57.818418,62,252,19475.67773,82820.32031,2,3,36.512778,32.54,1851.790992,2104.928236,255,3141333184,3688782502,255,0.069402,0.035025,0.034377,89,378,1,1,1,1,1,0,0,1,Yes
0.720163,tcp,-,FIN,14,12,790,678,34.714364,254,252,8153.709961,6909.546875,4,4,55.397153,60.145363,2757.288213,70.333898,255,767569585,3589820817,255,0.086758,0.057863,0.028895,56,57,4,1,1,1,4,0,0,4,Yes
0.963038,tcp,-,FIN,18,14,2798,2050,32.189798,254,252,21955.51953,15816.61328,6,5,53.295765,71.519539,2677.868827,79.031141,255,2298413648,3369092459,255,0.080419,0.033275,0.047144,155,146,1,1,1,1,1,0,0,4,Yes
0.376248,tcp,http,FIN,10,6,1062,268,39.867321,254,252,20327.01758,4762.815918,2,1,40.678444,64.537199,2131.378654,101.787672,255,2512637655,419055905,255,0.099115,0.053553,0.045562,106,45,1,1,1,1,1,0,0,1,Yes
1.30776,tcp,smtp,FIN,34,22,23864,1846,42.056646,62,252,141695.7188,10784.85352,14,8,39.62909,59.308145,2514.850279,70.619672,255,1118594827,2935223566,255,0.08491,0.061575,0.023335,702,84,1,1,1,1,1,0,0,1,Yes
43.776703,tcp,-,FIN,5416,806,7164417,34668,142.10755,254,252,1309024.125,6327.566406,2705,1,8.097634,54.273336,999.922209,63.600586,255,1748323556,287462897,255,0.143758,0.086642,0.057116,1323,43,1,1,1,1,1,0,0,1,Yes
0.338931,tcp,http,FIN,10,8,796,1024,50.157703,62,252,16923.79883,21148.84766,2,2,37.659,42.555,1937.961392,60.596176,255,967118013,4120194830,255,0.091635,0.040255,0.05138,80,128,2,1,1,1,1,0,0,1,Yes
1.194859,tcp,pop3,FIN,20,24,934,8624,35.987509,62,252,5945.471191,55337.07031,7,10,62.884579,48.693002,2990.764048,2621.335193,255,3083695214,2613797951,255,0.096073,0.074917,0.021156,47,359,1,1,1,1,1,0,0,1,Yes
0.796488,tcp,-,FIN,10,8,564,354,21.343699,254,252,5102.399414,3113.668945,2,1,84.467111,106.090711,6057.088309,147.049406,255,843016790,2757705303,255,0.102438,0.053844,0.048594,56,44,1,1,1,1,2,0,0,1,Yes
0.320574,tcp,-,FIN,10,6,568,268,46.791071,254,252,12777.08203,5589.973145,2,1,35.619333,56.593398,1710.907333,80.817719,255,2245818532,2311004059,255,0.086109,0.036982,0.049127,57,45,1,1,1,1,1,0,0,1,Yes
0.367036,tcp,http,FIN,10,8,1092,1044,46.316981,254,252,21425.68945,19921.75,2,2,40.781778,36.32643,1952.597443,53.597977,255,3308108982,1641553681,255,0.077193,0.048052,0.029141,109,131,1,1,1,1,1,0,0,1,Yes
0.000007,udp,snmp,INT,2,0,136,0,142857.1409,254,0,77714288,0,0,0,0.007,0,0,0,0,0,0,0,0,0,0,68,0,1,2,1,1,1,0,0,1,Yes
0.49391,tcp,http,FIN,10,14,770,11200,46.567187,62,252,11224.7168,168451.7344,2,5,54.772111,35.214078,2872.89132,2730.183603,255,2761920022,3566826875,255,0.071621,0.036119,0.035502,77,800,1,1,1,1,1,0,0,1,Yes
0.340732,tcp,http,FIN,10,8,842,1670,49.892583,254,252,17796.97852,34326.09766,2,2,37.859111,41.314715,1873.569022,59.201719,255,1662547502,1893834589,255,0.081875,0.050825,0.03105,84,209,1,1,1,1,1,0,0,1,Yes
0.000003,udp,-,INT,2,0,168,0,333333.3215,254,0,224000000,0,0,0,0.003,0,0,0,0,0,0,0,0,0,0,84,0,1,2,1,1,1,0,0,1,Yes
0.829626,tcp,-,FIN,10,8,564,354,20.49116,254,252,4898.592773,2989.298828,2,1,88.872111,113.055859,6367.552253,156.082219,255,760093705,512491859,255,0.092538,0.038226,0.054312,56,44,1,1,1,1,1,0,0,2,Yes
0.000007,udp,-,INT,2,0,406,0,142857.1409,254,0,232000000,0,0,0,0.007,0,0,0,0,0,0,0,0,0,0,203,0,5,2,1,1,5,0,0,5,Yes
0.915074,tcp,-,FIN,16,10,1536,556,27.320195,254,252,12589.14551,4379.973633,8,4,7467.561188,11947.929,937514.5145,35567.552,255,1258417146,1861326755,255,0.108932,0.065087,0.043845,96,56,5,1,1,1,5,0,0,5,Yes
0.328484,tcp,http,FIN,10,16,1126,14492,76.107208,62,252,24695.26758,330901.9688,2,6,36.375556,20.066267,1906.726334,1635.269407,255,1160354677,514290457,255,0.085007,0.027489,0.057518,113,906,1,1,1,1,1,0,0,1,Yes
0.381521,tcp,http,FIN,10,10,794,3962,49.800668,62,252,14992.62207,74774.39063,2,3,42.391222,37.958333,2080.64079,2263.833746,255,992830548,3879203431,255,0.085254,0.03954,0.045714,79,396,1,1,1,1,1,0,0,1,Yes
0.580452,tcp,ssl,FIN,12,8,2326,552,32.73311,254,252,29397.7793,6656.880859,3,2,49.224635,70.482141,2509.833838,89.661328,255,814548613,1423057000,255,0.121115,0.08707,0.034045,194,69,1,1,1,1,2,0,0,1,Yes
1.845588,tcp,smtp,FIN,24,20,4963,1834,23.298808,62,252,20619.98633,7555.315918,9,8,80.242954,93.532844,4509.168055,116.739383,255,2708788982,1203802522,255,0.125395,0.067622,0.057773,207,92,1,1,1,1,2,0,0,1,Yes
1.634732,tcp,-,FIN,20,38,1084,31422,34.868101,62,252,5040.581543,149729.7344,6,17,86.030475,42.380136,4197.850148,3028.250477,255,3156940646,263729156,255,0.112586,0.066666,0.04592,54,827,4,1,1,1,1,0,0,1,Yes
0.000003,sctp,-,INT,2,0,78,0,333333.3215,254,0,104000000,0,0,0,0.003,0,0,0,0,0,0,0,0,0,0,39,0,1,2,1,1,1,0,0,1,Yes
0.000003,sctp,-,INT,2,0,78,0,333333.3215,254,0,104000000,0,0,0,0.003,0,0,0,0,0,0,0,0,0,0,39,0,1,2,1,1,1,0,0,1,Yes
0.52179,tcp,-,FIN,10,6,684,268,28.747196,254,252,9444.412109,3434.331543,2,1,57.857444,92.87,3218.618558,145.555609,255,1622845501,129146287,255,0.110099,0.057437,0.052662,68,45,1,1,1,1,1,0,0,1,Yes
1.300463,tcp,-,FIN,18,28,992,16286,34.603062,62,252,5764.101074,96611.75,6,12,76.497824,48.764307,3791.801253,2971.762215,255,1680480956,827582567,255,0.088377,0.032155,0.056222,55,582,1,1,1,1,1,0,0,1,Yes
0.884886,tcp,-,FIN,10,8,564,354,19.211514,254,252,4592.681641,2802.62085,2,1,96.268444,120.55657,6962.485278,175.687578,255,1216480660,2315613417,255,0.080034,0.040989,0.039045,56,44,1,1,1,1,1,0,0,1,Yes
0.474962,tcp,http,FIN,12,22,906,22330,69.479243,62,252,13996.90918,359018.1875,2,9,43.166726,19.108,2343.860318,1778.419287,255,3924857131,620656127,255,0.096061,0.073689,0.022372,76,1015,1,1,1,1,1,0,0,1,Yes
0.818168,tcp,-,FIN,10,8,564,354,20.778129,254,252,4967.195312,3031.162354,2,1,90.907556,104.922859,6157.29677,147.133359,255,1941453726,622864104,255,0.078085,0.030936,0.047149,56,44,4,1,1,1,1,0,0,1,Yes
35.181515,tcp,smtp,FIN,4144,622,5487011,26990,135.440445,254,252,1247402.125,6127.536133,2070,2,8.538973,56.776277,1048.108498,65.390594,255,1246500401,2594456459,255,0.079306,0.025946,0.05336,1324,43,1,1,1,1,2,0,0,1,Yes
0.37681,tcp,-,FIN,10,6,562,268,39.807859,254,252,10742.81445,4755.712402,2,1,39.118222,63.509398,1974.184428,82.903047,255,1691428778,2071679324,255,0.087666,0.05926,0.028406,56,45,2,1,1,1,1,0,0,2,Yes
0.000023,udp,-,INT,2,0,168,0,43478.25991,254,0,29217390,0,0,0,0.023,0,0,0,0,0,0,0,0,0,0,84,0,5,2,1,1,1,0,0,1,Yes
0.000003,udp,-,INT,2,0,168,0,333333.3215,254,0,224000000,0,0,0,0.003,0,0,0,0,0,0,0,0,0,0,84,0,1,2,1,1,1,0,0,1,Yes
0.346076,tcp,http,FIN,10,6,914,268,43.343079,254,252,19024.72266,5178.053223,2,1,35.053556,61.029199,1826.965145,92.982352,255,2773566798,311507358,255,0.113786,0.040927,0.072859,91,45,1,1,1,1,1,0,0,1,Yes
3.315317,tcp,smtp,FIN,182,44,214505,2812,67.866815,62,252,514767.0625,6633.453125,88,8,18.316668,75.058695,1814.419301,88.867266,255,2228989328,2427852136,255,0.162629,0.087548,0.075081,1179,64,1,1,1,1,1,0,0,1,Yes
0.000004,udp,-,INT,2,0,2792,0,250000.0006,254,0,2792000000,0,0,0,0.004,0,0,0,0,0,0,0,0,0,0,1396,0,1,2,1,1,1,0,0,1,Yes
0.000001,udp,-,INT,2,0,168,0,1000000.003,254,0,672000000,0,0,0,0.001,0,0,0,0,0,0,0,0,0,0,84,0,1,2,1,1,1,0,0,1,Yes
0.000008,udp,-,INT,2,0,168,0,125000.0003,254,0,84000000,0,0,0,0.008,0,0,0,0,0,0,0,0,0,0,84,0,2,2,1,1,1,0,0,1,Yes
0.671246,tcp,-,FIN,10,8,564,354,25.326036,254,252,6054.412109,3694.621582,2,1,72.456111,93.479711,5411.986688,143.919938,255,1289435853,1958897280,255,0.036172,0.01688,0.019292,56,44,1,1,1,1,1,0,0,1,Yes
0.67514,tcp,-,FIN,10,8,564,354,25.179962,254,252,6019.492188,3673.312012,2,1,75.015556,94.46,5856.686828,148.252813,255,3685276595,218706777,255,0.055437,0.00705,0.048387,56,44,1,1,1,1,1,0,0,1,Yes
0.277344,tcp,http,FIN,10,10,800,5972,68.506983,62,252,20768.43359,155042.125,2,3,30.816,29.941556,1526.703697,1875.445529,255,1955121065,934836504,255,0.053869,0.007171,0.046698,80,597,1,1,1,1,1,0,0,1,Yes
0.012899,tcp,-,ACC,2,2,96,96,232.576165,254,252,29769.75,29769.75,1,1,0.005,0.002,0,0,255,1089888449,423598219,255,0.012892,0.012892,0,48,48,2,4,1,1,2,0,0,2,Yes
0.623815,tcp,-,FIN,10,8,564,354,27.251669,254,252,6514.751953,3975.537598,2,1,68.868,88.128289,5433.51407,138.252438,255,576824336,3494983190,255,0.052544,0.00691,0.045634,56,44,2,1,1,1,1,0,0,1,Yes
0.190103,tcp,http,FIN,10,10,916,4638,99.945822,62,252,34718.02344,175694.2344,2,2,21.122556,19.921778,1106.390556,1714.842505,255,634514193,830372169,255,0.052237,0.006303,0.045934,92,464,1,1,1,1,1,0,0,1,Yes
0.000005,ggp,-,INT,2,0,180,0,200000.0051,254,0,144000000,0,0,0,0.005,0,0,0,0,0,0,0,0,0,0,90,0,4,2,4,3,3,0,0,3,Yes
0.000005,ggp,-,INT,2,0,180,0,200000.0051,254,0,144000000,0,0,0,0.005,0,0,0,0,0,0,0,0,0,0,90,0,4,2,4,3,3,0,0,3,Yes
0.000005,ggp,-,INT,2,0,180,0,200000.0051,254,0,144000000,0,0,0,0.005,0,0,0,0,0,0,0,0,0,0,90,0,4,2,4,3,3,0,0,3,Yes
0.000003,ip,-,INT,2,0,180,0,333333.3215,254,0,239999984,0,0,0,0.003,0,0,0,0,0,0,0,0,0,0,90,0,4,2,4,3,3,0,0,3,Yes
0.000003,ip,-,INT,2,0,180,0,333333.3215,254,0,239999984,0,0,0,0.003,0,0,0,0,0,0,0,0,0,0,90,0,4,2,4,3,3,0,0,3,Yes
0.000003,ip,-,INT,2,0,180,0,333333.3215,254,0,239999984,0,0,0,0.003,0,0,0,0,0,0,0,0,0,0,90,0,4,2,4,3,3,0,0,3,Yes
0.000003,ip,-,INT,2,0,180,0,333333.3215,254,0,239999984,0,0,0,0.003,0,0,0,0,0,0,0,0,0,0,90,0,4,2,4,3,3,0,0,3,Yes
0.000003,ipnip,-,INT,2,0,180,0,333333.3215,254,0,239999984,0,0,0,0.003,0,0,0,0,0,0,0,0,0,0,90,0,4,2,4,3,3,0,0,3,Yes
0.000003,ipnip,-,INT,2,0,180,0,333333.3215,254,0,239999984,0,0,0,0.003,0,0,0,0,0,0,0,0,0,0,90,0,4,2,4,3,3,0,0,3,Yes
0.000003,ipnip,-,INT,2,0,180,0,333333.3215,254,0,239999984,0,0,0,0.003,0,0,0,0,0,0,0,0,0,0,90,0,4,2,4,3,3,0,0,3,Yes
0.000003,ipnip,-,INT,2,0,180,0,333333.3215,254,0,239999984,0,0,0,0.003,0,0,0,0,0,0,0,0,0,0,90,0,4,2,4,3,3,0,0,3,Yes
1.160125,tcp,ftp,FIN,22,22,1190,1642,37.064971,62,252,7833.638672,10812.62793,7,9,55.244049,54.780713,3003.477448,3593.618904,255,3381023975,1150359159,255,0.051855,0.005569,0.046286,54,75,1,1,1,1,2,1,1,1,Yes
1.160125,tcp,ftp,FIN,22,22,1190,1642,37.064971,62,252,7833.638672,10812.62793,7,9,55.244049,54.780713,3003.477448,3593.618904,255,3381023975,1150359159,255,0.051855,0.005569,0.046286,54,75,1,1,1,1,2,1,1,1,Yes
1.007653,st2,-,INT,4,0,360,0,2.977215,254,0,2143.594971,0,0,0,335.884344,0,474.999437,0,0,0,0,0,0,0,0,90,0,1,2,1,1,1,0,0,1,Yes
1.007653,st2,-,INT,4,0,360,0,2.977215,254,0,2143.594971,0,0,0,335.884344,0,474.999437,0,0,0,0,0,0,0,0,90,0,1,2,1,1,1,0,0,1,Yes
1.007653,st2,-,INT,4,0,360,0,2.977215,254,0,2143.594971,0,0,0,335.884344,0,474.999437,0,0,0,0,0,0,0,0,90,0,1,2,1,1,1,0,0,1,Yes
1.007653,st2,-,INT,4,0,360,0,2.977215,254,0,2143.594971,0,0,0,335.884344,0,474.999437,0,0,0,0,0,0,0,0,90,0,1,2,1,1,1,0,0,1,Yes
0.192322,tcp,-,FIN,12,6,5098,268,88.393423,254,252,194423.9375,9317.707031,3,1,16.351728,36.284398,966.663892,63.554484,255,831472909,494833922,255,0.058036,0.010891,0.047145,425,45,1,1,1,1,1,0,0,1,Yes
0.187225,tcp,-,FIN,10,6,1988,268,80.117506,254,252,76485.51563,9571.371094,2,1,18.832,36.139602,1009.364964,60.748477,255,2780487150,828693980,255,0.053478,0.006518,0.04696,199,45,1,1,1,1,1,0,0,1,Yes
0.675253,tcp,-,FIN,10,8,564,354,25.17575,254,252,6018.485352,3672.697754,2,1,75.028111,89.001859,5481.721996,124.375336,255,1782955927,255733498,255,0.098437,0.051577,0.04686,56,44,1,1,1,1,1,0,0,1,Yes
0.000008,argus,-,INT,2,0,180,0,125000.0003,254,0,90000000,0,0,0,0.008,0,0,0,0,0,0,0,0,0,0,90,0,10,2,10,10,10,0,0,10,Yes
0.000003,chaos,-,INT,2,0,200,0,333333.3215,254,0,266666656,0,0,0,0.003,0,0,0,0,0,0,0,0,0,0,100,0,10,2,10,10,10,0,0,10,Yes
0.000003,chaos,-,INT,2,0,200,0,333333.3215,254,0,266666656,0,0,0,0.003,0,0,0,0,0,0,0,0,0,0,100,0,10,2,10,10,10,0,0,10,Yes
0.000003,chaos,-,INT,2,0,200,0,333333.3215,254,0,266666656,0,0,0,0.003,0,0,0,0,0,0,0,0,0,0,100,0,10,2,10,10,10,0,0,10,Yes
0.000006,egp,-,INT,2,0,180,0,166666.6608,254,0,119999992,0,0,0,0.006,0,0,0,0,0,0,0,0,0,0,90,0,10,2,10,10,10,0,0,10,Yes
0.000006,egp,-,INT,2,0,180,0,166666.6608,254,0,119999992,0,0,0,0.006,0,0,0,0,0,0,0,0,0,0,90,0,10,2,10,10,10,0,0,10,Yes
0.000006,egp,-,INT,2,0,180,0,166666.6608,254,0,119999992,0,0,0,0.006,0,0,0,0,0,0,0,0,0,0,90,0,10,2,10,10,10,0,0,10,Yes
0.000006,egp,-,INT,2,0,180,0,166666.6608,254,0,119999992,0,0,0,0.006,0,0,0,0,0,0,0,0,0,0,90,0,10,2,10,10,10,0,0,10,Yes
0.000006,egp,-,INT,2,0,180,0,166666.6608,254,0,119999992,0,0,0,0.006,0,0,0,0,0,0,0,0,0,0,90,0,10,2,10,10,10,0,0,10,Yes
0.000002,emcon,-,INT,2,0,180,0,500000.0013,254,0,360000000,0,0,0,0.002,0,0,0,0,0,0,0,0,0,0,90,0,10,2,10,10,10,0,0,10,Yes
0.000006,nvp,-,INT,2,0,180,0,166666.6608,254,0,119999992,0,0,0,0.006,0,0,0,0,0,0,0,0,0,0,90,0,10,2,10,10,10,0,0,10,Yes
0.000013,udp,-,INT,2,0,168,0,76923.07779,254,0,51692308,0,0,0,0.013,0,0,0,0,0,0,0,0,0,0,84,0,1,2,1,1,1,0,0,1,Yes
0.000006,nvp,-,INT,2,0,180,0,166666.6608,254,0,119999992,0,0,0,0.006,0,0,0,0,0,0,0,0,0,0,90,0,10,2,10,10,10,0,0,10,Yes
0.707186,tcp,-,FIN,18,22,1032,9898,55.148152,62,252,11029.62988,106891.2578,6,9,41.599176,33.308904,1990.05476,1873.381746,255,1475991882,3690820948,255,0.053139,0.00682,0.046319,57,450,2,1,1,1,2,0,0,2,Yes
0.000003,pup,-,INT,2,0,180,0,333333.3215,254,0,239999984,0,0,0,0.003,0,0,0,0,0,0,0,0,0,0,90,0,10,2,10,10,10,0,0,10,Yes
0.000015,udp,-,INT,2,0,168,0,66666.66835,254,0,44800000,0,0,0,0.015,0,0,0,0,0,0,0,0,0,0,84,0,1,2,1,1,1,0,0,1,Yes
0.000003,pup,-,INT,2,0,180,0,333333.3215,254,0,239999984,0,0,0,0.003,0,0,0,0,0,0,0,0,0,0,90,0,10,2,10,10,10,0,0,10,Yes
0.781325,tcp,-,FIN,22,44,1186,40540,83.192015,62,252,11600.80664,405659.625,6,20,37.205952,17.981908,1843.796052,1321.553845,255,293677215,1819468955,255,0.050492,0.007112,0.04338,54,921,1,1,1,1,1,0,0,1,Yes
0.225991,tcp,http,FIN,10,8,1170,966,75.224236,254,252,37275.82031,29948.0957,2,2,25.110111,30.414857,1362.040071,53.578387,255,709846722,2818662235,255,0.053994,0.007956,0.046038,117,121,1,1,1,1,1,0,0,1,Yes
0.000003,pup,-,INT,2,0,180,0,333333.3215,254,0,239999984,0,0,0,0.003,0,0,0,0,0,0,0,0,0,0,90,0,10,2,10,10,10,0,0,10,Yes
0.227117,tcp,http,FIN,10,10,834,5384,83.657321,62,252,26453.32617,170696.1563,2,3,25.235222,24.392667,1203.594104,1760.294515,255,2560575818,2990263853,255,0.052626,0.006827,0.045799,83,538,1,1,1,1,1,0,0,1,Yes
0.000003,pup,-,INT,2,0,180,0,333333.3215,254,0,239999984,0,0,0,0.003,0,0,0,0,0,0,0,0,0,0,90,0,10,2,10,10,10,0,0,10,Yes
0.00001,udp,-,INT,2,0,748,0,100000.0025,254,0,299200000,0,0,0,0.01,0,0,0,0,0,0,0,0,0,0,374,0,1,2,1,1,1,0,0,1,Yes
0.000003,xnet,-,INT,2,0,180,0,333333.3215,254,0,239999984,0,0,0,0.003,0,0,0,0,0,0,0,0,0,0,90,0,10,2,10,10,10,0,0,10,Yes
1.411386,tcp,ftp,FIN,22,22,1202,1664,30.466506,62,252,6507.078613,9006.749023,7,9,67.208857,69.346747,3713.460029,4407.558062,255,1304956959,573928193,255,0.072545,0.023881,0.048664,55,76,1,1,1,1,2,1,1,1,Yes
0.244608,tcp,http,FIN,10,6,980,268,61.322606,254,252,28846.1543,7326.007324,2,1,25.862667,39.759,1356.64221,61.574113,255,2688817882,4213136542,255,0.08045,0.04581,0.03464,98,45,1,1,1,1,2,0,0,1,Yes
1.253977,tcp,smtp,FIN,252,54,308919,3296,243.226163,62,252,1962996.25,20638.33789,123,8,4.995924,23.263094,606.286254,35.574094,255,37144313,2847193607,255,0.049045,0.016461,0.032584,1226,61,1,1,1,1,1,0,0,1,Yes
0.00002,udp,-,INT,2,0,168,0,50000.00126,254,0,33600000,0,0,0,0.02,0,0,0,0,0,0,0,0,0,0,84,0,27,2,1,1,1,0,0,1,Yes
0.371083,tcp,http,FIN,10,6,950,268,40.422225,254,252,18432.53516,4829.108398,2,1,38.882778,63.336602,2047.389571,93.902641,255,4036880057,4244516005,255,0.13977,0.054391,0.085379,95,45,5,1,2,1,5,0,0,5,Yes
0.000007,udp,-,INT,2,0,168,0,142857.1409,254,0,96000000,0,0,0,0.007,0,0,0,0,0,0,0,0,0,0,84,0,1,2,1,1,1,0,0,1,Yes
1.246909,mux,-,INT,4,0,400,0,2.405949,254,0,1924.759521,0,0,0,415.636344,0,587.788625,0,0,0,0,0,0,0,0,100,0,3,2,2,2,3,0,0,3,Yes
0.489758,ospf,-,INT,20,0,1040,0,38.794669,254,0,16138.58203,0,0,0,25.776736,0,29.430768,0,0,0,0,0,0,0,0,52,0,1,2,1,1,1,0,0,1,Yes
0.489758,ospf,-,INT,20,0,1040,0,38.794669,254,0,16138.58203,0,0,0,25.776736,0,29.430768,0,0,0,0,0,0,0,0,52,0,1,2,1,1,1,0,0,1,Yes
1.246909,mux,-,INT,4,0,400,0,2.405949,254,0,1924.759521,0,0,0,415.636344,0,587.788625,0,0,0,0,0,0,0,0,100,0,3,2,2,2,3,0,0,3,Yes
57.237827,tcp,pop3,FIN,1642,11018,70700,14657531,221.164929,62,252,9875.567383,2048463.625,7,5507,34.901071,5.207182,2437.926717,928.124268,255,660150177,1867331307,255,0.048404,0.004971,0.043433,43,1330,1,1,1,1,1,0,0,1,Yes
1.246909,mux,-,INT,4,0,400,0,2.405949,254,0,1924.759521,0,0,0,415.636344,0,587.788625,0,0,0,0,0,0,0,0,100,0,3,2,2,2,3,0,0,3,Yes
0.231606,tcp,http,FIN,12,22,926,23166,142.483351,62,252,29325.66406,763814.375,2,9,20.972909,10.274905,1154.253369,1061.350085,255,3832588857,1315057536,255,0.02988,0.01583,0.01405,77,1053,1,1,1,1,1,0,0,1,Yes
1.246909,mux,-,INT,4,0,400,0,2.405949,254,0,1924.759521,0,0,0,415.636344,0,587.788625,0,0,0,0,0,0,0,0,100,0,3,2,2,2,3,0,0,3,Yes
1.565097,tcp,http,FIN,60,348,2976,449181,260.047784,62,252,14961.37305,2289396.75,2,172,26.527067,4.420243,1500.427194,622.776359,255,825415081,3887846602,255,0.070315,0.019991,0.050324,50,1291,1,1,1,1,1,0,0,1,Yes
0.000008,udp,-,INT,2,0,168,0,125000.0003,254,0,84000000,0,0,0,0.008,0,0,0,0,0,0,0,0,0,0,84,0,2,2,1,1,1,0,0,1,Yes
1.246909,mux,-,INT,4,0,400,0,2.405949,254,0,1924.759521,0,0,0,415.636344,0,587.788625,0,0,0,0,0,0,0,0,100,0,3,2,2,2,3,0,0,3,Yes
1.644148,tcp,smtp,FIN,232,50,283242,2998,170.909189,62,252,1372246.25,14300.41602,113,8,7.117524,31.946307,801.855726,42.75309,255,712613753,3524359574,255,0.064531,0.041766,0.022765,1221,60,1,1,1,1,1,0,0,1,Yes
0.000009,dcn,-,INT,2,0,200,0,111111.1072,254,0,88888888,0,0,0,0.009,0,0,0,0,0,0,0,0,0,0,100,0,3,2,2,2,3,0,0,3,Yes
7.312841,ospf,-,INT,40,0,10880,0,5.333085,254,0,11604.79199,0,0,0,187.50875,0,215.203906,0,0,0,0,0,0,0,0,272,0,1,2,1,1,1,0,0,1,Yes
0.000009,dcn,-,INT,2,0,200,0,111111.1072,254,0,88888888,0,0,0,0.009,0,0,0,0,0,0,0,0,0,0,100,0,3,2,2,2,3,0,0,3,Yes
7.312841,ospf,-,INT,40,0,10880,0,5.333085,254,0,11604.79199,0,0,0,187.50875,0,215.203906,0,0,0,0,0,0,0,0,272,0,1,2,1,1,1,0,0,1,Yes
0.000005,hmp,-,INT,2,0,200,0,200000.0051,254,0,160000000,0,0,0,0.005,0,0,0,0,0,0,0,0,0,0,100,0,3,2,1,1,3,0,0,3,Yes
7.312841,ospf,-,INT,40,0,10880,0,5.333085,254,0,11604.79199,0,0,0,187.50875,0,215.203906,0,0,0,0,0,0,0,0,272,0,1,2,1,1,1,0,0,1,Yes
0.000005,hmp,-,INT,2,0,200,0,200000.0051,254,0,160000000,0,0,0,0.005,0,0,0,0,0,0,0,0,0,0,100,0,3,2,1,1,3,0,0,3,Yes
7.312841,ospf,-,INT,40,0,10880,0,5.333085,254,0,11604.79199,0,0,0,187.50875,0,215.203906,0,0,0,0,0,0,0,0,272,0,1,2,1,1,1,0,0,1,Yes
0.27331,tcp,http,FIN,10,6,898,268,54.882733,254,252,23680.07031,6556.657227,2,1,28.348667,43.082199,1480.415072,61.149516,255,1181515496,1277330068,255,0.10315,0.057891,0.045259,90,45,2,1,1,1,2,0,0,1,Yes
0.000008,prm,-,INT,2,0,200,0,125000.0003,254,0,100000000,0,0,0,0.008,0,0,0,0,0,0,0,0,0,0,100,0,6,2,1,1,6,0,0,6,Yes
0.155371,tcp,-,FIN,22,8,19834,354,186.650024,254,252,974853.75,15961.79492,8,1,7.173762,19.773285,603.474651,41.316617,255,2784965672,3058370590,255,0.062073,0.01695,0.045123,902,44,1,1,1,1,1,0,0,1,Yes
0.000008,prm,-,INT,2,0,200,0,125000.0003,254,0,100000000,0,0,0,0.008,0,0,0,0,0,0,0,0,0,0,100,0,6,2,1,1,6,0,0,6,Yes
0.217978,tcp,http,FIN,10,6,802,268,68.814284,254,252,26498.08594,8221.012695,2,1,22.000444,41.043398,1160.31563,67.676883,255,4239674941,3588497366,255,0.062684,0.012753,0.049931,80,45,1,1,1,1,1,0,0,1,Yes
0.000005,trunk-1,-,INT,2,0,200,0,200000.0051,254,0,160000000,0,0,0,0.005,0,0,0,0,0,0,0,0,0,0,100,0,6,2,3,3,6,0,0,6,Yes
0.000005,trunk-1,-,INT,2,0,200,0,200000.0051,254,0,160000000,0,0,0,0.005,0,0,0,0,0,0,0,0,0,0,100,0,6,2,3,3,6,0,0,6,Yes
0.625488,tcp,-,FIN,10,8,564,354,27.17878,254,252,6497.327148,3964.904297,2,1,69.031889,88.34243,5422.5544,138.839625,255,4020424451,3658810051,255,0.062247,0.007082,0.055165,56,44,1,1,1,1,1,0,0,1,Yes
0.000005,trunk-1,-,INT,2,0,200,0,200000.0051,254,0,160000000,0,0,0,0.005,0,0,0,0,0,0,0,0,0,0,100,0,6,2,3,3,6,0,0,6,Yes
0.2647,tcp,-,FIN,10,12,2652,9188,79.335098,254,252,72142.04688,254567.4375,2,4,29.411111,22.941636,1404.568151,1737.515013,255,1680976031,4196662150,255,0.06147,0.011537,0.049933,265,766,1,1,1,1,2,0,0,1,Yes
0.000005,trunk-2,-,INT,2,0,200,0,200000.0051,254,0,160000000,0,0,0,0.005,0,0,0,0,0,0,0,0,0,0,100,0,6,2,3,3,6,0,0,6,Yes
0.496533,tcp,http,FIN,10,10,962,1056,38.265331,62,252,13952.74805,15322.24414,2,2,55.170333,46.8,3736.725152,102.283641,255,878386441,143321442,255,0.092974,0.046452,0.046522,96,106,2,1,2,1,2,0,0,2,Yes
0.000005,trunk-2,-,INT,2,0,200,0,200000.0051,254,0,160000000,0,0,0,0.005,0,0,0,0,0,0,0,0,0,0,100,0,6,2,3,3,6,0,0,6,Yes
0.632841,tcp,-,FIN,10,8,564,354,26.862988,254,252,6421.834473,3918.835938,2,1,69.781889,89.51857,5487.191179,139.412531,255,3725869419,282221455,255,0.060101,0.006208,0.053893,56,44,1,1,1,1,1,0,0,2,Yes
0.181007,tcp,http,FIN,10,6,2792,268,82.869724,254,252,111067.5313,9900.169922,2,1,18.643667,34.767801,998.062398,59.820789,255,2059679192,1881073752,255,0.052293,0.007159,0.045134,279,45,1,1,1,1,1,0,0,1,Yes
0.000005,trunk-2,-,INT,2,0,200,0,200000.0051,254,0,160000000,0,0,0,0.005,0,0,0,0,0,0,0,0,0,0,100,0,6,2,3,3,6,0,0,6,Yes
0.626981,tcp,-,FIN,10,8,564,354,27.114058,254,252,6481.85498,3955.462646,2,1,68.931778,88.599859,5378.099901,138.530906,255,1355468620,1438993678,255,0.052759,0.006774,0.045985,56,44,2,1,1,1,2,0,0,1,Yes
0.000005,trunk-2,-,INT,2,0,200,0,200000.0051,254,0,160000000,0,0,0,0.005,0,0,0,0,0,0,0,0,0,0,100,0,6,2,3,3,6,0,0,6,Yes
1.755642,tcp,http,FIN,62,368,3010,474465,244.355049,62,252,13497.05664,2156138.75,2,182,28.781017,4.688549,1479.507869,623.13258,255,488972002,2038348541,255,0.050516,0.006203,0.044313,49,1289,1,1,1,1,1,0,0,1,Yes
0.633985,tcp,-,FIN,18,18,1024,3010,55.206355,62,252,12214.80078,35874.66797,6,7,37.293235,36.229059,1819.28642,44.441703,255,634022743,3256018024,255,0.037243,0.017237,0.020006,57,167,1,1,1,1,1,0,0,1,Yes
0.000003,xns-idp,-,INT,2,0,200,0,333333.3215,254,0,266666656,0,0,0,0.003,0,0,0,0,0,0,0,0,0,0,100,0,6,2,3,3,6,0,0,6,Yes
0.18229,tcp,http,FIN,10,6,1006,268,82.286465,254,252,39760.82031,9830.489258,2,1,18.678444,34.702398,1002.946875,59.495355,255,313650391,1073841901,255,0.053648,0.008769,0.044879,101,45,3,1,1,1,1,0,0,1,Yes
0.844803,tcp,smtp,FIN,26,20,9199,1596,53.266858,62,252,83768.64063,14365.47949,10,8,33.792121,44.076789,1797.360268,49.432383,255,50977269,3900459377,255,0.052881,0.00653,0.046351,354,80,1,1,1,1,1,0,0,1,Yes
0.000003,xns-idp,-,INT,2,0,200,0,333333.3215,254,0,266666656,0,0,0,0.003,0,0,0,0,0,0,0,0,0,0,100,0,6,2,3,3,6,0,0,6,Yes
0.008271,udp,-,CON,2,2,1386,106,362.713079,254,60,670293.75,51263.44922,0,0,0.01,0.007,0,0,0,0,0,0,0,0,0,693,53,1,0,1,1,1,0,0,2,Yes
0.000003,xns-idp,-,INT,2,0,200,0,333333.3215,254,0,266666656,0,0,0,0.003,0,0,0,0,0,0,0,0,0,0,100,0,6,2,3,3,6,0,0,6,Yes
1.122435,tcp,smtp,FIN,90,32,94429,2308,107.801345,62,252,665553.0625,15936.78027,42,8,12.61163,35.956355,1237.937501,49.153508,255,3925606830,1090038504,255,0.054311,0.007124,0.047187,1049,72,1,1,1,1,1,0,0,1,Yes
0.000003,leaf-1,-,INT,2,0,200,0,333333.3215,254,0,266666656,0,0,0,0.003,0,0,0,0,0,0,0,0,0,0,100,0,6,2,2,2,6,0,0,6,Yes
0.230717,tcp,http,FIN,10,12,802,7782,91.0206,62,252,25035,247367.9844,2,4,25.635222,20.31491,1222.462807,1597.053086,255,4046914389,1684688202,255,0.051314,0.006465,0.044849,80,649,1,1,1,1,1,0,0,1,Yes
0.000003,leaf-1,-,INT,2,0,200,0,333333.3215,254,0,266666656,0,0,0,0.003,0,0,0,0,0,0,0,0,0,0,100,0,6,2,2,2,6,0,0,6,Yes
0.638853,tcp,-,FIN,10,8,564,354,26.61019,254,252,6361.400879,3881.957031,2,1,70.449,88.78957,5494.540365,136.335797,255,377146176,2575294801,255,0.032785,0.017322,0.015463,56,44,1,1,1,1,1,0,0,1,Yes
0.000003,leaf-1,-,INT,2,0,200,0,333333.3215,254,0,266666656,0,0,0,0.003,0,0,0,0,0,0,0,0,0,0,100,0,6,2,2,2,6,0,0,6,Yes
